Mono path[0] = 'C:/Program Files (x86)/Steam/steamapps/common/Hollow Knight Silksong/Hollow Knight Silksong_Data/Managed'
Mono config path = 'C:/Program Files (x86)/Steam/steamapps/common/Hollow Knight Silksong/MonoBleedingEdge/etc'
Input System module state changed to: Initialized.
[Physics::Module] Initialized fallback backend.
[Physics::Module] Id: 0xdecafbad
Initialize engine version: 6000.0.50f1-uum-100966-branch1 (16f07294548e)
[Subsystems] Discovering subsystems at path C:/Program Files (x86)/Steam/steamapps/common/Hollow Knight Silksong/Hollow Knight Silksong_Data/UnitySubsystems
GfxDevice: creating device client; kGfxThreadingModeThreaded
Direct3D:
    Version:  Direct3D 11.0 [level 11.1]
    Renderer: NVIDIA GeForce RTX 4060 (ID=0x2882)
    Vendor:   NVIDIA
    VRAM:     7957 MB
    Driver:   32.0.15.8142
Begin MonoManager ReloadAssembly
- Loaded All Assemblies, in  0.121 seconds
- Finished resetting the current domain, in  0.002 seconds
[Physics::Module] Selected backend.
[Physics::Module] Name: PhysX
[Physics::Module] Id: 0xf2b8ea05
[Physics::Module] SDK Version: 4.1.2
[Physics::Module] Integration Version: 1.0.0
[Physics::Module] Threading Mode: Multi-Threaded
<RI> Initializing input.
<RI> Input initialized.
<RI> Initialized touch support.
UnloadTime: 0.478700 ms
Steam initializing
Steam logged in as BlackBlackThing
Selected online subsystem SteamOnlineSubsystem
Steam stats received.
Unloading 5 Unused Serialized files (Serialized files now loaded: 520)
UnloadTime: 1.363100 ms
Discovered supported languages: DE, EN, ES, FR, IT, JA, KO, PT, RU, ZH
Loaded saved language code 'ZH'
Restored language code 'ZH'
Couldn't find a Game Manager, make sure one exists in the scene.
Couldn't find GameCameras, make sure one exists in the scene.
Unloading 51 unused Assets to reduce memory usage. Loaded Objects now: 6186.
Total: 8.218600 ms (FindLiveObjects: 0.657500 ms CreateObjectMapping: 0.346100 ms MarkObjects: 7.147000 ms  DeleteObjects: 0.064100 ms)

Unloading 1 Unused Serialized files (Serialized files now loaded: 528)
Unloading 1 unused Assets to reduce memory usage. Loaded Objects now: 6194.
Total: 6.912700 ms (FindLiveObjects: 0.361700 ms CreateObjectMapping: 0.377500 ms MarkObjects: 6.151400 ms  DeleteObjects: 0.021800 ms)

Unloading 2 Unused Serialized files (Serialized files now loaded: 582)
Joystick connected ("Controller (XBOX 360 For Windows)").
Couldn't find GameCameras, make sure one exists in the scene.
Couldn't find a Game Manager, make sure one exists in the scene.
UnloadTime: 6.320700 ms
Loaded saved language code 'ZH'
Restored language code 'ZH'
Unloading 73 unused Assets to reduce memory usage. Loaded Objects now: 67006.
Total: 38.911800 ms (FindLiveObjects: 6.613400 ms CreateObjectMapping: 3.587100 ms MarkObjects: 28.352600 ms  DeleteObjects: 0.358300 ms)

MenuButton missing flashEffect!
Making UI menu lean.
Only custom filters can be played. Please add a custom filter or an audioclip to the audiosource (Audio Player Actor Distant V2(Clone)).
Only custom filters can be played. Please add a custom filter or an audioclip to the audiosource (Audio Player Actor Distant V2(Clone)).
Only custom filters can be played. Please add a custom filter or an audioclip to the audiosource (Audio Player Actor Distant V2(Clone)).
Unloading 3 Unused Serialized files (Serialized files now loaded: 572)
Unloading 268 unused Assets to reduce memory usage. Loaded Objects now: 112688.
Total: 67.954500 ms (FindLiveObjects: 8.515500 ms CreateObjectMapping: 7.771400 ms MarkObjects: 50.512600 ms  DeleteObjects: 1.154500 ms)

Converting Vertex Colors from Color32 to Color.
Converting Vertex Colors from Color32 to Color.
Converting Vertex Colors from Color32 to Color.
Next area display "Next Area Right (2)" in "Arborium" did not have map scene parent.
Next area display "Next Area Right (2)" in "Arborium" did not have map scene parent.
Only custom filters can be played. Please add a custom filter or an audioclip to the audiosource (Audio Player Actor Distant V2(Clone)).
Next area display "Next Area Right (2)" in "Arborium" did not have map scene parent.
Only custom filters can be played. Please add a custom filter or an audioclip to the audiosource (Audio Player Actor Distant V2(Clone)).
Unloading 1 Unused Serialized files (Serialized files now loaded: 633)
UnloadTime: 10.301900 ms
Unloading 9618 unused Assets to reduce memory usage. Loaded Objects now: 140289.
Total: 122.436000 ms (FindLiveObjects: 16.668100 ms CreateObjectMapping: 6.730800 ms MarkObjects: 69.132100 ms  DeleteObjects: 29.904400 ms)

Unexpected timestamp values detected. This can occur in H.264 videos not encoded with the baseline profile. Timestamps will be skewed to correct the playback for archive:/CAB-965c2a5f50b73f63c5ea1427a8f3d5b1/CAB-965c2a5f50b73f63c5ea1427a8f3d5b1.resource
Unloading 2 Unused Serialized files (Serialized files now loaded: 592)
Unloading 59 unused Assets to reduce memory usage. Loaded Objects now: 150018.
Total: 86.956800 ms (FindLiveObjects: 10.989300 ms CreateObjectMapping: 5.476300 ms MarkObjects: 69.594800 ms  DeleteObjects: 0.896000 ms)

Can not play a disabled audio source
Can not play a disabled audio source
Can not play a disabled audio source
Can not play a disabled audio source
Can not play a disabled audio source
Can not play a disabled audio source
Can not play a disabled audio source
Can not play a disabled audio source
Can not play a disabled audio source
Attempting to set `time` on an audio source that has a resource assigned that is not a clip is ignored!
Attempting to set `time` on an audio source that has a resource assigned that is not a clip is ignored!
Attempting to set `time` on an audio source that has a resource assigned that is not a clip is ignored!
Joystick disconnected ("Controller (XBOX 360 For Windows)").
Game controller XInput Controller detached.
Game controller XInput Controller attached
Using fallback 1 to find tilemap. Scene Bellshrine_03 requires manual fixing.
Only custom filters can be played. Please add a custom filter or an audioclip to the audiosource (Audio Player Actor Distant V2(Clone)).
Only custom filters can be played. Please add a custom filter or an audioclip to the audiosource (Audio Player Actor Distant V2(Clone)).
Only custom filters can be played. Please add a custom filter or an audioclip to the audiosource (Audio Player Actor Distant V2(Clone)).
Only custom filters can be played. Please add a custom filter or an audioclip to the audiosource (Audio Player Actor Distant V2(Clone)).
Only custom filters can be played. Please add a custom filter or an audioclip to the audiosource (Audio Player Actor Distant V2(Clone)).
Only custom filters can be played. Please add a custom filter or an audioclip to the audiosource (Audio Player Actor Distant V2(Clone)).
Next area display "Next Area Right (2)" in "Arborium" did not have map scene parent.
The referenced script (Unknown) on this Behaviour is missing!
Could Not Create Action: : Behaviour: Sing:  (Maybe the script was removed?)
Could Not Create Action: : Behaviour: Sing:  (Maybe the script was removed?)
The referenced script on this Behaviour (Game Object 'Gate NPC') is missing!
Unexpected timestamp values detected. This can occur in H.264 videos not encoded with the baseline profile. Timestamps will be skewed to correct the playback for archive:/CAB-ceb42d51c62f5a2363e3a1def0c3288b/CAB-ceb42d51c62f5a2363e3a1def0c3288b.resource
Next area display "Next Area Right (2)" in "Arborium" did not have map scene parent.
Next area display "Next Area Right (2)" in "Arborium" did not have map scene parent.
Next area display "Next Area Right (2)" in "Arborium" did not have map scene parent.
Next area display "Next Area Right (2)" in "Arborium" did not have map scene parent.
Next area display "Next Area Right (2)" in "Arborium" did not have map scene parent.
Next area display "Next Area Right (2)" in "Arborium" did not have map scene parent.
Next area display "Next Area Right (2)" in "Arborium" did not have map scene parent.
Next area display "Next Area Right (2)" in "Arborium" did not have map scene parent.
Cannot set the parent of the GameObject 'Top Chunk (23)' while activating or deactivating the parent GameObject 'Art'.
Next area display "Next Area Right (2)" in "Arborium" did not have map scene parent.
Next area display "Next Area Right (2)" in "Arborium" did not have map scene parent.
Next area display "Next Area Right (2)" in "Arborium" did not have map scene parent.
Next area display "Next Area Right (2)" in "Arborium" did not have map scene parent.
Next area display "Next Area Right (2)" in "Arborium" did not have map scene parent.
Next area display "Next Area Right (2)" in "Arborium" did not have map scene parent.
Next area display "Next Area Right (2)" in "Arborium" did not have map scene parent.
Next area display "Next Area Right (2)" in "Arborium" did not have map scene parent.
Coroutine couldn't be started because the the game object 'Camera Wind Region' is inactive!
Next area display "Next Area Right (2)" in "Arborium" did not have map scene parent.
Next area display "Next Area Right (2)" in "Arborium" did not have map scene parent.
Next area display "Next Area Right (2)" in "Arborium" did not have map scene parent.
Next area display "Next Area Right (2)" in "Arborium" did not have map scene parent.
Next area display "Next Area Right (2)" in "Arborium" did not have map scene parent.
Next area display "Next Area Right (2)" in "Arborium" did not have map scene parent.
Next area display "Next Area Right (2)" in "Arborium" did not have map scene parent.
Next area display "Next Area Right (2)" in "Arborium" did not have map scene parent.
Next area display "Next Area Right (2)" in "Arborium" did not have map scene parent.
Next area display "Next Area Right (2)" in "Arborium" did not have map scene parent.
Free cursor created at position: (0.00, 0.00)
Cursor parent: MapContent
Cursor active: True
=== DÉBUT DE L'ASSOCIATION DES SCÈNES ===
Total de locations à traiter: 1898
Méthode: Smart
Préférer scènes mappées: False
Calibration terminée avec 6 points
Coefficients X: aX=154.286400, bX=0.072283, cX=-398.968300
Coefficients Y: aY=-0.767513, bY=154.975000, cY=342.780100
=== Test de précision de la calibration ===
Point Map(6.70, 4.04) -> Calculé(635.2, 963.1) vs Attendu(641.7, 963.9) Erreur: (-6.42, -0.77)
Point Map(4.33, 13.13) -> Calculé(270.8, 2374.0) vs Attendu(263.3, 2372.7) Erreur: (7.53, 1.38)
Point Map(7.86, 8.31) -> Calculé(814.6, 1624.9) vs Attendu(807.1, 1623.6) Erreur: (7.54, 1.33)
Point Map(16.41, 8.90) -> Calculé(2133.8, 1709.1) vs Attendu(2139.4, 1710.4) Erreur: (-5.61, -1.25)
Point Map(-11.04, 4.73) -> Calculé(-2101.3, 1084.3) vs Attendu(-2090.6, 1086.2) Erreur: (-10.67, -1.95)
Point Map(-9.75, -4.59) -> Calculé(-1903.8, -361.7) vs Attendu(-1911.4, -363.0) Erreur: (7.65, 1.25)
Erreur moyenne: X=7.57, Y=1.32
Erreur maximale: X=10.67, Y=1.95
Erreur importante détectée! Vérifiez les points de calibration.
TryGetSpriteBounds a retourné false pour Bone_10_act3_bench
BoundsSprite est null
TryGetSpriteBounds a retourné false pour Bone_12
BoundsSprite est null
TryGetSpriteBounds a retourné false pour Greymoor_02_top_right
TryGetSpriteBounds a retourné false pour Greymoor_02_top
TryGetSpriteBounds a retourné false pour Greymoor_15b_bot_right
TryGetSpriteBounds a retourné false pour Greymoor_17
TryGetSpriteBounds a retourné false pour Greymoor_17_bot
TryGetSpriteBounds a retourné false pour Greymoor_20c
BoundsSprite est null
TryGetSpriteBounds a retourné false pour Halfway_01
BoundsSprite est null
TryGetSpriteBounds a retourné false pour Ant_08
BoundsSprite est null
TryGetSpriteBounds a retourné false pour Room_CrowCourt
BoundsSprite est null
TryGetSpriteBounds a retourné false pour Room_CrowCourt_02
BoundsSprite est null
TryGetSpriteBounds a retourné false pour Shellwood_13b
TryGetSpriteBounds a retourné false pour Room_Witch
BoundsSprite est null
TryGetSpriteBounds a retourné false pour Shellwood_25b
BoundsSprite est null
TryGetSpriteBounds a retourné false pour Coral_Tower_01
BoundsSprite est null
TryGetSpriteBounds a retourné false pour Coral_Tower_01_Bench
BoundsSprite est null
TryGetSpriteBounds a retourné false pour Coral_29
BoundsSprite est null
TryGetSpriteBounds a retourné false pour Bellshrine_Enclave
BoundsSprite est null
TryGetSpriteBounds a retourné false pour Slab_10b
BoundsSprite est null
TryGetSpriteBounds a retourné false pour Slab_16b
BoundsSprite est null
TryGetSpriteBounds a retourné false pour Slab_Cell
BoundsSprite est null
TryGetSpriteBounds a retourné false pour Slab_Cell_Creature
BoundsSprite est null
TryGetSpriteBounds a retourné false pour Dust_11_bot
TryGetSpriteBounds a retourné false pour Dust_Chef_b
TryGetSpriteBounds a retourné false pour Dust_Shack
BoundsSprite est null
TryGetSpriteBounds a retourné false pour Belltown_06_fisher
TryGetSpriteBounds a retourné false pour Belltown_basement
BoundsSprite est null
TryGetSpriteBounds a retourné false pour Belltown_Room_Relic
BoundsSprite est null
TryGetSpriteBounds a retourné false pour Belltown_Room_Spare
BoundsSprite est null
TryGetSpriteBounds a retourné false pour Belltown_Room_pinsmith
BoundsSprite est null
TryGetSpriteBounds a retourné false pour Belltown_Room_Fisher
BoundsSprite est null
TryGetSpriteBounds a retourné false pour Ant_19
BoundsSprite est null
TryGetSpriteBounds a retourné false pour Bellway_01
BoundsSprite est null
TryGetSpriteBounds a retourné false pour Chapel_Wanderer
BoundsSprite est null
TryGetSpriteBounds a retourné false pour Coral_19_base
TryGetSpriteBounds a retourné false pour Bonegrave_top
TryGetSpriteBounds a retourné false pour Bone_Steel_Servant
TryGetSpriteBounds a retourné false pour Tut_04
BoundsSprite est null
TryGetSpriteBounds a retourné false pour Dock_06_Church_Bench
BoundsSprite est null
TryGetSpriteBounds a retourné false pour Room_Diving_Bell
BoundsSprite est null
TryGetSpriteBounds a retourné false pour Bone_East_10_Room
BoundsSprite est null
TryGetSpriteBounds a retourné false pour Bone_East_14_2
TryGetSpriteBounds a retourné false pour Bone_East_LavaChallenge
BoundsSprite est null
TryGetSpriteBounds a retourné false pour Bone_East_25_right
TryGetSpriteBounds a retourné false pour Ant_Queen
BoundsSprite est null
TryGetSpriteBounds a retourné false pour Bone_East_Umbrella
BoundsSprite est null
TryGetSpriteBounds a retourné false pour Sprintmaster_Cave
BoundsSprite est null
TryGetSpriteBounds a retourné false pour Library_10_top
TryGetSpriteBounds a retourné false pour Clover_02c_top
TryGetSpriteBounds a retourné false pour Clover_02c_bot_right
TryGetSpriteBounds a retourné false pour Clover_03
TryGetSpriteBounds a retourné false pour Clover_05c
TryGetSpriteBounds a retourné false pour Clover_06
TryGetSpriteBounds a retourné false pour Clover_04b
TryGetSpriteBounds a retourné false pour Clover_04b_top
TryGetSpriteBounds a retourné false pour Clover_10
BoundsSprite est null
TryGetSpriteBounds a retourné false pour Clover_10_web
BoundsSprite est null
TryGetSpriteBounds a retourné false pour Clover_11
TryGetSpriteBounds a retourné false pour Clover_16
TryGetSpriteBounds a retourné false pour Clover_16_left
TryGetSpriteBounds a retourné false pour Clover_16_right
TryGetSpriteBounds a retourné false pour Clover_18
TryGetSpriteBounds a retourné false pour Clover_18_right
TryGetSpriteBounds a retourné false pour Clover_19
TryGetSpriteBounds a retourné false pour Clover_21
TryGetSpriteBounds a retourné false pour Under_14_right
TryGetSpriteBounds a retourné false pour Under_20
BoundsSprite est null
TryGetSpriteBounds a retourné false pour Cog_Bench
BoundsSprite est null
TryGetSpriteBounds a retourné false pour Cog_07b
TryGetSpriteBounds a retourné false pour Peak_06
BoundsSprite est null
TryGetSpriteBounds a retourné false pour Peak_Mask_Maker
BoundsSprite est null
TryGetSpriteBounds a retourné false pour DustMazeCompassMarker
BoundsSprite est null
TryGetSpriteBounds a retourné false pour Dust_Maze_09_entrance
BoundsSprite est null
TryGetSpriteBounds a retourné false pour Dust_Maze_01
BoundsSprite est null
TryGetSpriteBounds a retourné false pour Dust_Maze_02
BoundsSprite est null
TryGetSpriteBounds a retourné false pour Dust_Maze_03
BoundsSprite est null
TryGetSpriteBounds a retourné false pour Dust_Maze_04
BoundsSprite est null
TryGetSpriteBounds a retourné false pour Dust_Maze_05
BoundsSprite est null
TryGetSpriteBounds a retourné false pour Dust_Maze_06
BoundsSprite est null
TryGetSpriteBounds a retourné false pour Dust_Maze_07
BoundsSprite est null
TryGetSpriteBounds a retourné false pour Dust_Maze_08
BoundsSprite est null
TryGetSpriteBounds a retourné false pour Dust_Maze_Last_Hall
BoundsSprite est null
TryGetSpriteBounds a retourné false pour Dust_Maze_crossing
BoundsSprite est null
TryGetSpriteBounds a retourné false pour Ward_01_top_right
TryGetSpriteBounds a retourné false pour Ward_05
TryGetSpriteBounds a retourné false pour Ward_05_right
TryGetSpriteBounds a retourné false pour Ward_09
BoundsSprite est null
TryGetSpriteBounds a retourné false pour Hang_06_bank
BoundsSprite est null
TryGetSpriteBounds a retourné false pour Hang_14
BoundsSprite est null
TryGetSpriteBounds a retourné false pour Cog_11_Destroyed
TryGetSpriteBounds a retourné false pour Cradle_01_Destroyed
TryGetSpriteBounds a retourné false pour Cradle_03_Destroyed
TryGetSpriteBounds a retourné false pour Coral_32_arrow
BoundsSprite est null
TryGetSpriteBounds a retourné false pour Coral_37_right
TryGetSpriteBounds a retourné false pour Coral_37_join
TryGetSpriteBounds a retourné false pour Room_Pinstress
BoundsSprite est null
TryGetSpriteBounds a retourné false pour Shadow_18_top
TryGetSpriteBounds a retourné false pour Shadow_Bilehaven_Room
BoundsSprite est null
TryGetSpriteBounds a retourné false pour Organ_01
BoundsSprite est null
TryGetSpriteBounds a retourné false pour Room_Diving_Bell_Abyss
BoundsSprite est null
TryGetSpriteBounds a retourné false pour Room_Diving_Bell_Abyss_Fixed
BoundsSprite est null
TryGetSpriteBounds a retourné false pour Aqueduct_05_top
TryGetSpriteBounds a retourné false pour Room_Huntress
BoundsSprite est null
TryGetSpriteBounds a retourné false pour Cradle_Destroyed_Challenge_01
BoundsSprite est null
TryGetSpriteBounds a retourné false pour Cradle_Destroyed_Challenge_02
BoundsSprite est null
TryGetSpriteBounds a retourné false pour Abandoned_Town
BoundsSprite est null
TryGetSpriteBounds a retourné false pour Shellwood_11b
BoundsSprite est null
Cache construit: 834 positions et 834 bounds de scènes
✗ Aucune scène trouvée pour 'Transported' à (0.6073, -0.5701) → pos carte (1587.1, -2291.9)
✗ Aucune scène trouvée pour 'Extended' à (0.6074, -0.5676) → pos carte (1623.4, -2291.2)
✗ Aucune scène trouvée pour 'Connected' à (0.6074, -0.5651) → pos carte (1657.9, -2290.9)
✗ Aucune scène trouvée pour 'Consumed' à (0.6074, -0.5628) → pos carte (1691.6, -2289.9)
✗ Aucune scène trouvée pour 'Cartographer' à (0.6075, -0.5604) → pos carte (1725.6, -2289.7)
✗ Aucune scène trouvée pour 'Masked' à (0.6076, -0.5580) → pos carte (1759.5, -2288.2)
✗ Aucune scène trouvée pour 'Woven' à (0.6077, -0.5558) → pos carte (1791.5, -2286.4)
✗ Aucune scène trouvée pour 'Arsenal' à (0.6077, -0.5536) → pos carte (1822.7, -2285.8)
✗ Aucune scène trouvée pour 'Completion' à (0.6080, -0.5448) → pos carte (1948.2, -2282.2)
✗ Aucune scène trouvée pour 'Speedrunner' à (0.6079, -0.5430) → pos carte (1973.9, -2282.8)
✗ Aucune scène trouvée pour 'Speed Completion' à (0.6080, -0.5411) → pos carte (2000.8, -2282.1)
✗ Aucune scène trouvée pour 'Steel Soul' à (0.6055, -0.5448) → pos carte (1947.6, -2317.1)
✗ Aucune scène trouvée pour 'Steel Heart' à (0.6056, -0.5430) → pos carte (1973.9, -2316.4)
✗ Aucune scène trouvée pour 'Statue Essence' à (0.7643, -0.4363) → pos carte (3493.2, -58.9)
=== RÉSULTATS DE L'ASSOCIATION ===
Total associé: 1884/1898 (99.3%)
- Par bounds exacts: 1056
- Par proximité bounds: 49
- Par distance pure: 779
Next area display "Next Area Right (2)" in "Arborium" did not have map scene parent.
Next area display "Next Area Right (2)" in "Arborium" did not have map scene parent.
Coroutine couldn't be started because the the game object 'Camera Wind Region' is inactive!
Next area display "Next Area Right (2)" in "Arborium" did not have map scene parent.
Affichage des détails pour Lore Tablet
Location has 1 media items
Media: image - image - https://media.mapgenie.io/storage/media/523d489b-8066-4717-ac83-82f31e40cc2f.png
[MapGamepad] Details: Lore Tablet
[MapGamepad] Free mode - Cursor active
Affichage des détails pour Spool Fragment
Location has 1 media items
Media: image - image - https://media.mapgenie.io/storage/media/3c7aed6a-a492-4d0e-a508-624848991f93.png
[MapGamepad] Details: Spool Fragment
[MapGamepad] Free mode - Cursor active
Affichage des détails pour Pin Badge
[MapGamepad] Details: Pin Badge
[MapGamepad] Free mode - Cursor active
Affichage des détails pour Fatal Resolve
[MapGamepad] Details: Fatal Resolve
[MapGamepad] Free mode - Cursor active
Next area display "Next Area Right (2)" in "Arborium" did not have map scene parent.
Affichage des détails pour Mask Maker
Location has 1 media items
Media: unedited012635 - image - https://media.mapgenie.io/storage/media/ae19d77d-4fd1-4b55-b3c4-71f8b1a1849b.jpg
[MapGamepad] Details: Mask Maker
[MapGamepad] Free mode - Cursor active
Affichage des détails pour Shell Shards
Location has 1 media items
Media: image - image - https://media.mapgenie.io/storage/media/ab815214-496c-45fb-afdd-8b8d7e656cfb.png
[MapGamepad] Details: Shell Shards
[MapGamepad] Free mode - Cursor active
Affichage des détails pour Captured Location
Location has 1 media items
Media: unedited012553 - image - https://media.mapgenie.io/storage/media/423dc170-8ad9-4f59-9b15-fdf35e712f8d.jpg
[MapGamepad] Details: Captured Location
[MapGamepad] Free mode - Cursor active
Affichage des détails pour Memory Locket
Location has 1 media items
Media: unedited012594 - image - https://media.mapgenie.io/storage/media/cd3dc8d1-2512-4314-9da7-124161e9443a.jpg
[MapGamepad] Details: Memory Locket
[MapGamepad] Free mode - Cursor active
Affichage des détails pour Memory Locket
Location has 1 media items
Media: unedited012594 - image - https://media.mapgenie.io/storage/media/cd3dc8d1-2512-4314-9da7-124161e9443a.jpg
[MapGamepad] Details: Memory Locket
[MapGamepad] Free mode - Cursor active
Affichage des détails pour Heretic
[MapGamepad] Details: Heretic
[MapGamepad] Free mode - Cursor active
Affichage des détails pour Weaver Effigy
Location has 1 media items
Media: unedited012614 - image - https://media.mapgenie.io/storage/media/e1c1a95a-c0a7-46d2-a443-8be6a82006ed.jpg
[MapGamepad] Details: Weaver Effigy
[MapGamepad] Free mode - Cursor active
Affichage des détails pour Memory Locket
Location has 1 media items
Media: unedited012594 - image - https://media.mapgenie.io/storage/media/cd3dc8d1-2512-4314-9da7-124161e9443a.jpg
[MapGamepad] Details: Memory Locket
[MapGamepad] Free mode - Cursor active
Next area display "Next Area Right (2)" in "Arborium" did not have map scene parent.
Next area display "Next Area Right (2)" in "Arborium" did not have map scene parent.
Next area display "Next Area Right (2)" in "Arborium" did not have map scene parent.
Unloading 1 Unused Serialized files (Serialized files now loaded: 606)
Unloading 12418 unused Assets to reduce memory usage. Loaded Objects now: 177642.
Total: 226.347800 ms (FindLiveObjects: 16.185200 ms CreateObjectMapping: 6.738400 ms MarkObjects: 69.309000 ms  DeleteObjects: 134.114500 ms)

Can not play a disabled audio source
Can not play a disabled audio source
Can not play a disabled audio source
Can not play a disabled audio source
Can not play a disabled audio source
Can not play a disabled audio source
Can not play a disabled audio source
Can not play a disabled audio source
Next area display "Next Area Right (2)" in "Arborium" did not have map scene parent.
Can not play a disabled audio source
Attempting to set `time` on an audio source that has a resource assigned that is not a clip is ignored!
Attempting to set `time` on an audio source that has a resource assigned that is not a clip is ignored!
Attempting to set `time` on an audio source that has a resource assigned that is not a clip is ignored!
Next area display "Next Area Right (2)" in "Arborium" did not have map scene parent.
Next area display "Next Area Right (2)" in "Arborium" did not have map scene parent.
Next area display "Next Area Right (2)" in "Arborium" did not have map scene parent.
Next area display "Next Area Right (2)" in "Arborium" did not have map scene parent.
Next area display "Next Area Right (2)" in "Arborium" did not have map scene parent.
Could Not Create Action: : Behaviour: Sing:  (Maybe the script was removed?)
Could Not Create Action: : Behaviour: Sing:  (Maybe the script was removed?)
Next area display "Next Area Right (2)" in "Arborium" did not have map scene parent.
Only custom filters can be played. Please add a custom filter or an audioclip to the audiosource (Audio Player Actor Distant V2(Clone)).
Next area display "Next Area Right (2)" in "Arborium" did not have map scene parent.
Next area display "Next Area Right (2)" in "Arborium" did not have map scene parent.
Unloading 1 Unused Serialized files (Serialized files now loaded: 621)
Unloading 6557 unused Assets to reduce memory usage. Loaded Objects now: 178266.
Total: 153.382600 ms (FindLiveObjects: 14.651700 ms CreateObjectMapping: 5.711200 ms MarkObjects: 79.986200 ms  DeleteObjects: 53.032900 ms)

Unloading 1 Unused Serialized files (Serialized files now loaded: 618)
UnloadTime: 17.390700 ms
Unexpected timestamp values detected. This can occur in H.264 videos not encoded with the baseline profile. Timestamps will be skewed to correct the playback for archive:/CAB-965c2a5f50b73f63c5ea1427a8f3d5b1/CAB-965c2a5f50b73f63c5ea1427a8f3d5b1.resource
Unloading 3776 unused Assets to reduce memory usage. Loaded Objects now: 168426.
Total: 111.982700 ms (FindLiveObjects: 17.372900 ms CreateObjectMapping: 5.679600 ms MarkObjects: 79.115400 ms  DeleteObjects: 9.814000 ms)

Unloading 1 Unused Serialized files (Serialized files now loaded: 598)
Unloading 17 unused Assets to reduce memory usage. Loaded Objects now: 183379.
Total: 89.182400 ms (FindLiveObjects: 14.936200 ms CreateObjectMapping: 6.416900 ms MarkObjects: 67.402400 ms  DeleteObjects: 0.426300 ms)

Next area display "Next Area Right (2)" in "Arborium" did not have map scene parent.
Affichage des détails pour Bellway - Grand Bellway
Location has 1 media items
Media: image - image - https://media.mapgenie.io/storage/media/4a35633d-04d8-4e41-8be2-2042db197033.png
[MapGamepad] Details: Bellway - Grand Bellway
[MapGamepad] Free mode - Cursor active
Affichage des détails pour Pale Nails
Location has 1 media items
Media: image - image - https://media.mapgenie.io/storage/media/213dc648-4a9e-44f6-804f-f46ff2a51329.png
[MapGamepad] Details: Pale Nails
[MapGamepad] Free mode - Cursor active
Affichage des détails pour Grand Mother Silk
Location has 1 media items
Media: image - image - https://media.mapgenie.io/storage/media/bcb0e2a4-50b2-4c62-8a28-54220b7b3ec4.png
[MapGamepad] Details: Grand Mother Silk
[MapGamepad] Free mode - Cursor active
Affichage des détails pour Grand Mother Silk
Location has 1 media items
Media: image - image - https://media.mapgenie.io/storage/media/bcb0e2a4-50b2-4c62-8a28-54220b7b3ec4.png
[MapGamepad] Details: Grand Mother Silk
[MapGamepad] Free mode - Cursor active
Affichage des détails pour Pale Monarch
[MapGamepad] Details: Pale Monarch
[MapGamepad] Free mode - Cursor active
Affichage des détails pour Soul Snare
[MapGamepad] Details: Soul Snare
[MapGamepad] Free mode - Cursor active
Affichage des détails pour Garpid
[MapGamepad] Details: Garpid
[MapGamepad] Free mode - Cursor active
Affichage des détails pour Imoba
Location has 1 media items
Media:  - image - https://media.mapgenie.io/storage/media/249b1a8d-a24f-4a11-a61c-160acb5eb159.png
[MapGamepad] Details: Imoba
[MapGamepad] Free mode - Cursor active
Affichage des détails pour Shortcut
Location has 1 media items
Media:  - image - https://media.mapgenie.io/storage/media/f1a6ad14-5029-49c8-aaf9-b324fb9e4188.png
[MapGamepad] Details: Shortcut
[MapGamepad] Free mode - Cursor active
Next area display "Next Area Right (2)" in "Arborium" did not have map scene parent.
Affichage des détails pour Bellway - Grand Bellway
Location has 1 media items
Media: image - image - https://media.mapgenie.io/storage/media/4a35633d-04d8-4e41-8be2-2042db197033.png
[MapGamepad] Details: Bellway - Grand Bellway
[MapGamepad] Free mode - Cursor active
Affichage des détails pour Psalm Cylinder - High Halls
Location has 1 media items
Media: image - image - https://media.mapgenie.io/storage/media/19645925-2fa5-45bd-bce3-b76f3b44bb76.png
[MapGamepad] Details: Psalm Cylinder - High Halls
[MapGamepad] Free mode - Cursor active
Affichage des détails pour Lore
Location has 1 media items
Media: image - image - https://media.mapgenie.io/storage/media/d2f95eb9-a9fc-41ad-a234-ffe9b8b75e6b.png
[MapGamepad] Details: Lore
[MapGamepad] Free mode - Cursor active
Affichage des détails pour Rosary Chest
Location has 1 media items
Media: image - image - https://media.mapgenie.io/storage/media/7d7d400f-597e-4fb4-b952-5036d1f3be67.png
[MapGamepad] Details: Rosary Chest
[MapGamepad] Free mode - Cursor active
Affichage des détails pour Nameless Town
[MapGamepad] Details: Nameless Town
[MapGamepad] Free mode - Cursor active
Affichage des détails pour Surface Memento
Location has 1 media items
Media:  - image - https://media.mapgenie.io/storage/media/891d3e2f-4287-49a5-8d31-be50837cc38a.jpeg
[MapGamepad] Details: Surface Memento
[MapGamepad] Free mode - Cursor active
Affichage des détails pour Surface Memento
Location has 1 media items
Media:  - image - https://media.mapgenie.io/storage/media/891d3e2f-4287-49a5-8d31-be50837cc38a.jpeg
[MapGamepad] Details: Surface Memento
[MapGamepad] Free mode - Cursor active
Affichage des détails pour Mister Mushroom 7
Location has 1 media items
Media:  - image - https://media.mapgenie.io/storage/media/083e155e-b687-43c8-80c2-e876cea420ab.png
[MapGamepad] Details: Mister Mushroom 7
[MapGamepad] Free mode - Cursor active
Affichage des détails pour Bellway - Grand Bellway
Location has 1 media items
Media: image - image - https://media.mapgenie.io/storage/media/4a35633d-04d8-4e41-8be2-2042db197033.png
[MapGamepad] Details: Bellway - Grand Bellway
[MapGamepad] Free mode - Cursor active
Affichage des détails pour Memory Locket
Location has 1 media items
Media: image - image - https://media.mapgenie.io/storage/media/21aebf5e-6802-4226-bb9d-eadf826a387a.png
[MapGamepad] Details: Memory Locket
[MapGamepad] Free mode - Cursor active
Affichage des détails pour Memory Locket
Location has 1 media items
Media: image - image - https://media.mapgenie.io/storage/media/c03d9d35-101a-41da-bfa1-308469120af9.png
[MapGamepad] Details: Memory Locket
[MapGamepad] Free mode - Cursor active
Affichage des détails pour Spool Fragment
Location has 1 media items
Media: image - image - https://media.mapgenie.io/storage/media/c1cc04f7-061d-4fbd-9671-b2c3645c5afb.png
[MapGamepad] Details: Spool Fragment
[MapGamepad] Free mode - Cursor active
Affichage des détails pour Locked Gate
Location has 1 media items
Media: unedited012952 - image - https://media.mapgenie.io/storage/media/73bbbeb9-f253-44bf-a423-a303be7505c8.jpg
[MapGamepad] Details: Locked Gate
[MapGamepad] Free mode - Cursor active
Affichage des détails pour Spool Fragment
Location has 1 media items
Media: image - image - https://media.mapgenie.io/storage/media/c1cc04f7-061d-4fbd-9671-b2c3645c5afb.png
[MapGamepad] Details: Spool Fragment
[MapGamepad] Free mode - Cursor active
Next area display "Next Area Right (2)" in "Arborium" did not have map scene parent.
Next area display "Next Area Right (2)" in "Arborium" did not have map scene parent.
Next area display "Next Area Right (2)" in "Arborium" did not have map scene parent.
Next area display "Next Area Right (2)" in "Arborium" did not have map scene parent.
Next area display "Next Area Right (2)" in "Arborium" did not have map scene parent.
Next area display "Next Area Right (2)" in "Arborium" did not have map scene parent.
Next area display "Next Area Right (2)" in "Arborium" did not have map scene parent.
Next area display "Next Area Right (2)" in "Arborium" did not have map scene parent.
Next area display "Next Area Right (2)" in "Arborium" did not have map scene parent.
Next area display "Next Area Right (2)" in "Arborium" did not have map scene parent.
Next area display "Next Area Right (2)" in "Arborium" did not have map scene parent.
Next area display "Next Area Right (2)" in "Arborium" did not have map scene parent.
Affichage des détails pour Spool Fragment
Location has 1 media items
Media: image - image - https://media.mapgenie.io/storage/media/c1cc04f7-061d-4fbd-9671-b2c3645c5afb.png
[MapGamepad] Details: Spool Fragment
[MapGamepad] Free mode - Cursor active
Affichage des détails pour Spool Fragment
Location has 1 media items
Media: image - image - https://media.mapgenie.io/storage/media/c1cc04f7-061d-4fbd-9671-b2c3645c5afb.png
[MapGamepad] Details: Spool Fragment
[MapGamepad] Free mode - Cursor active
Unloading 1 Unused Serialized files (Serialized files now loaded: 615)
Attempting to get `time` on an audio source that has a resource that is not a clip will always return 0.
Attempting to get `time` on an audio source that has a resource that is not a clip will always return 0.
UnloadTime: 9.080800 ms
Unloading 6698 unused Assets to reduce memory usage. Loaded Objects now: 168247.
Total: 130.706900 ms (FindLiveObjects: 13.983000 ms CreateObjectMapping: 5.059900 ms MarkObjects: 76.870200 ms  DeleteObjects: 34.793000 ms)

Unloading 0 Unused Serialized files (Serialized files now loaded: 526)
Unloading 6858 unused Assets to reduce memory usage. Loaded Objects now: 53420.
Total: 75.524300 ms (FindLiveObjects: 5.191200 ms CreateObjectMapping: 3.888500 ms MarkObjects: 50.050600 ms  DeleteObjects: 16.393700 ms)

Unloading 1 Unused Serialized files (Serialized files now loaded: 580)
UnloadTime: 1.096200 ms
Loaded saved language code 'ZH'
Restored language code 'ZH'
Unloading 72 unused Assets to reduce memory usage. Loaded Objects now: 99222.
Total: 86.598300 ms (FindLiveObjects: 7.818100 ms CreateObjectMapping: 5.209700 ms MarkObjects: 72.713400 ms  DeleteObjects: 0.856700 ms)

Unloading 1 Unused Serialized files (Serialized files now loaded: 578)
Unloading 0 unused Assets to reduce memory usage. Loaded Objects now: 99223.
Total: 84.697700 ms (FindLiveObjects: 7.817300 ms CreateObjectMapping: 4.662700 ms MarkObjects: 72.003300 ms  DeleteObjects: 0.213800 ms)

MenuButton missing flashEffect!
Making UI menu lean.
Only custom filters can be played. Please add a custom filter or an audioclip to the audiosource (Audio Player Actor Distant V2(Clone)).
Only custom filters can be played. Please add a custom filter or an audioclip to the audiosource (Audio Player Actor Distant V2(Clone)).
Only custom filters can be played. Please add a custom filter or an audioclip to the audiosource (Audio Player Actor Distant V2(Clone)).
Could Not Create Action: : Behaviour: Sing:  (Maybe the script was removed?)
Could Not Create Action: : Behaviour: Sing:  (Maybe the script was removed?)
Unloading 1 Unused Serialized files (Serialized files now loaded: 597)
Unloading 113 unused Assets to reduce memory usage. Loaded Objects now: 146334.
Total: 107.607500 ms (FindLiveObjects: 10.588000 ms CreateObjectMapping: 5.835800 ms MarkObjects: 90.174200 ms  DeleteObjects: 1.008900 ms)

Converting Vertex Colors from Color32 to Color.
Converting Vertex Colors from Color32 to Color.
Converting Vertex Colors from Color32 to Color.
Next area display "Next Area Right (2)" in "Arborium" did not have map scene parent.
Affichage des détails pour Fleamaster Mooshka - The Marrow
Location has 1 media items
Media: unedited012294 - image - https://media.mapgenie.io/storage/media/66bced9a-2f93-4597-8f6a-f3406667b819.jpg
[MapGamepad] Details: Fleamaster Mooshka - The Marrow
[MapGamepad] Free mode - Cursor active
Affichage des détails pour Mask Shard
Location has 1 media items
Media: image - image - https://media.mapgenie.io/storage/media/19fa757a-352e-4be2-831d-cd3f546da14d.png
[MapGamepad] Details: Mask Shard
[MapGamepad] Free mode - Cursor active
Next area display "Next Area Right (2)" in "Arborium" did not have map scene parent.
Next area display "Next Area Right (2)" in "Arborium" did not have map scene parent.
Unloading 1 Unused Serialized files (Serialized files now loaded: 625)
Unloading 3613 unused Assets to reduce memory usage. Loaded Objects now: 182683.
Total: 107.372400 ms (FindLiveObjects: 13.927400 ms CreateObjectMapping: 5.457800 ms MarkObjects: 75.354800 ms  DeleteObjects: 12.631600 ms)

Unloading 1 Unused Serialized files (Serialized files now loaded: 631)
UnloadTime: 9.641900 ms
Unexpected timestamp values detected. This can occur in H.264 videos not encoded with the baseline profile. Timestamps will be skewed to correct the playback for archive:/CAB-965c2a5f50b73f63c5ea1427a8f3d5b1/CAB-965c2a5f50b73f63c5ea1427a8f3d5b1.resource
Unloading 4714 unused Assets to reduce memory usage. Loaded Objects now: 168700.
Total: 112.299300 ms (FindLiveObjects: 16.988200 ms CreateObjectMapping: 5.776700 ms MarkObjects: 80.064300 ms  DeleteObjects: 9.469000 ms)

Unloading 1 Unused Serialized files (Serialized files now loaded: 607)
Unloading 44 unused Assets to reduce memory usage. Loaded Objects now: 177315.
Total: 92.926300 ms (FindLiveObjects: 12.966300 ms CreateObjectMapping: 4.815900 ms MarkObjects: 74.703600 ms  DeleteObjects: 0.439500 ms)

Next area display "Next Area Right (2)" in "Arborium" did not have map scene parent.
Next area display "Next Area Right (2)" in "Arborium" did not have map scene parent.
Next area display "Next Area Right (2)" in "Arborium" did not have map scene parent.
Next area display "Next Area Right (2)" in "Arborium" did not have map scene parent.
Next area display "Next Area Right (2)" in "Arborium" did not have map scene parent.
Could Not Create Action: : Behaviour: Sing:  (Maybe the script was removed?)
Attempting to set `time` on an audio source that has a resource assigned that is not a clip is ignored!
Can not play a disabled audio source
Can not play a disabled audio source
Can not play a disabled audio source
Can not play a disabled audio source
Can not play a disabled audio source
Can not play a disabled audio source
Can not play a disabled audio source
Can not play a disabled audio source
Can not play a disabled audio source
Can not play a disabled audio source
Can not play a disabled audio source
Can not play a disabled audio source
Can not play a disabled audio source
Can not play a disabled audio source
Can not play a disabled audio source
Can not play a disabled audio source
Can not play a disabled audio source
Can not play a disabled audio source
Can not play a disabled audio source
Unloading 1 Unused Serialized files (Serialized files now loaded: 614)
Unloading 4747 unused Assets to reduce memory usage. Loaded Objects now: 177483.
Total: 117.810200 ms (FindLiveObjects: 13.764600 ms CreateObjectMapping: 5.180400 ms MarkObjects: 74.519500 ms  DeleteObjects: 24.345300 ms)

Unloading 1 Unused Serialized files (Serialized files now loaded: 620)
Scene Manager missing from scene Bellway_Aqueduct
UnloadTime: 6.703300 ms
Unexpected timestamp values detected. This can occur in H.264 videos not encoded with the baseline profile. Timestamps will be skewed to correct the playback for archive:/CAB-965c2a5f50b73f63c5ea1427a8f3d5b1/CAB-965c2a5f50b73f63c5ea1427a8f3d5b1.resource
Unloading 4071 unused Assets to reduce memory usage. Loaded Objects now: 168002.
Total: 110.825400 ms (FindLiveObjects: 20.051900 ms CreateObjectMapping: 6.966100 ms MarkObjects: 75.130500 ms  DeleteObjects: 8.676500 ms)

Unloading 1 Unused Serialized files (Serialized files now loaded: 600)
Unloading 96 unused Assets to reduce memory usage. Loaded Objects now: 174333.
Total: 92.481600 ms (FindLiveObjects: 12.693200 ms CreateObjectMapping: 5.789400 ms MarkObjects: 72.568700 ms  DeleteObjects: 1.429800 ms)

Next area display "Next Area Right (2)" in "Arborium" did not have map scene parent.
Next area display "Next Area Right (2)" in "Arborium" did not have map scene parent.
Next area display "Next Area Right (2)" in "Arborium" did not have map scene parent.
Next area display "Next Area Right (2)" in "Arborium" did not have map scene parent.
Next area display "Next Area Right (2)" in "Arborium" did not have map scene parent.
Next area display "Next Area Right (2)" in "Arborium" did not have map scene parent.
Next area display "Next Area Right (2)" in "Arborium" did not have map scene parent.
Unloading 1 Unused Serialized files (Serialized files now loaded: 661)
UnloadTime: 5.543400 ms
Unexpected timestamp values detected. This can occur in H.264 videos not encoded with the baseline profile. Timestamps will be skewed to correct the playback for archive:/CAB-965c2a5f50b73f63c5ea1427a8f3d5b1/CAB-965c2a5f50b73f63c5ea1427a8f3d5b1.resource
Unloading 7104 unused Assets to reduce memory usage. Loaded Objects now: 169257.
Total: 137.079300 ms (FindLiveObjects: 18.632300 ms CreateObjectMapping: 7.813000 ms MarkObjects: 74.384200 ms  DeleteObjects: 36.249200 ms)

Unloading 1 Unused Serialized files (Serialized files now loaded: 663)
Unloading 55 unused Assets to reduce memory usage. Loaded Objects now: 176121.
Total: 93.145400 ms (FindLiveObjects: 12.985100 ms CreateObjectMapping: 5.100800 ms MarkObjects: 73.682000 ms  DeleteObjects: 1.377200 ms)

Next area display "Next Area Right (2)" in "Arborium" did not have map scene parent.
Unloading 1 Unused Serialized files (Serialized files now loaded: 599)
Scene Manager missing from scene Bellway_02
Scene Manager missing from scene Bellway_02
Scene Manager missing from scene Bellway_02
UnloadTime: 7.191800 ms
Unexpected timestamp values detected. This can occur in H.264 videos not encoded with the baseline profile. Timestamps will be skewed to correct the playback for archive:/CAB-965c2a5f50b73f63c5ea1427a8f3d5b1/CAB-965c2a5f50b73f63c5ea1427a8f3d5b1.resource
Unloading 4234 unused Assets to reduce memory usage. Loaded Objects now: 169133.
Total: 112.360200 ms (FindLiveObjects: 24.577100 ms CreateObjectMapping: 5.280400 ms MarkObjects: 75.074200 ms  DeleteObjects: 7.427800 ms)

Unloading 1 Unused Serialized files (Serialized files now loaded: 635)
Unloading 89 unused Assets to reduce memory usage. Loaded Objects now: 182322.
Total: 94.571900 ms (FindLiveObjects: 13.356900 ms CreateObjectMapping: 4.902900 ms MarkObjects: 74.621700 ms  DeleteObjects: 1.689900 ms)

Next area display "Next Area Right (2)" in "Arborium" did not have map scene parent.
Next area display "Next Area Right (2)" in "Arborium" did not have map scene parent.
Next area display "Next Area Right (2)" in "Arborium" did not have map scene parent.
Hazard Respawn Trigger v2 (2) does not have a Hazard Respawn Marker Set
Hazard Respawn Trigger v2 does not have a Hazard Respawn Marker Set
Next area display "Next Area Right (2)" in "Arborium" did not have map scene parent.
Next area display "Next Area Right (2)" in "Arborium" did not have map scene parent.
gameObject1 is null!
Next area display "Next Area Right (2)" in "Arborium" did not have map scene parent.
Next area display "Next Area Right (2)" in "Arborium" did not have map scene parent.
Next area display "Next Area Right (2)" in "Arborium" did not have map scene parent.
Next area display "Next Area Right (2)" in "Arborium" did not have map scene parent.
Next area display "Next Area Right (2)" in "Arborium" did not have map scene parent.
Affichage des détails pour Spool Fragment
Location has 1 media items
Media: image - image - https://media.mapgenie.io/storage/media/b3eef2fd-ccd9-45ea-afcf-76956e8f2dc7.png
[MapGamepad] Details: Spool Fragment
[MapGamepad] Free mode - Cursor active
Affichage des détails pour Flintslate
Location has 1 media items
Media: image - image - https://media.mapgenie.io/storage/media/bf6f7988-acb3-4b50-9658-320df4f85cbe.png
[MapGamepad] Details: Flintslate
[MapGamepad] Free mode - Cursor active
Affichage des détails pour Spool Fragment
Location has 1 media items
Media: image - image - https://media.mapgenie.io/storage/media/b3eef2fd-ccd9-45ea-afcf-76956e8f2dc7.png
[MapGamepad] Details: Spool Fragment
[MapGamepad] Free mode - Cursor active
Next area display "Next Area Right (2)" in "Arborium" did not have map scene parent.
gameObject1 is null!
Next area display "Next Area Right (2)" in "Arborium" did not have map scene parent.
Next area display "Next Area Right (2)" in "Arborium" did not have map scene parent.
Next area display "Next Area Right (2)" in "Arborium" did not have map scene parent.
Next area display "Next Area Right (2)" in "Arborium" did not have map scene parent.
Next area display "Next Area Right (2)" in "Arborium" did not have map scene parent.
Next area display "Next Area Right (2)" in "Arborium" did not have map scene parent.
Next area display "Next Area Right (2)" in "Arborium" did not have map scene parent.
Next area display "Next Area Right (2)" in "Arborium" did not have map scene parent.
Unloading 1 Unused Serialized files (Serialized files now loaded: 641)
UnloadTime: 4.916900 ms
Unloading 9193 unused Assets to reduce memory usage. Loaded Objects now: 170497.
Total: 153.423000 ms (FindLiveObjects: 14.152000 ms CreateObjectMapping: 5.718600 ms MarkObjects: 74.419300 ms  DeleteObjects: 59.132300 ms)

Unloading 0 Unused Serialized files (Serialized files now loaded: 556)
Unloading 6869 unused Assets to reduce memory usage. Loaded Objects now: 54221.
Total: 86.286400 ms (FindLiveObjects: 5.111600 ms CreateObjectMapping: 3.541800 ms MarkObjects: 66.949400 ms  DeleteObjects: 10.683300 ms)

Unloading 1 Unused Serialized files (Serialized files now loaded: 605)
UnloadTime: 0.491900 ms
Loaded saved language code 'ZH'
Restored language code 'ZH'
Unloading 58 unused Assets to reduce memory usage. Loaded Objects now: 99963.
Total: 84.291400 ms (FindLiveObjects: 7.942600 ms CreateObjectMapping: 4.846100 ms MarkObjects: 70.994300 ms  DeleteObjects: 0.508100 ms)

Unloading 1 Unused Serialized files (Serialized files now loaded: 603)
Unloading 0 unused Assets to reduce memory usage. Loaded Objects now: 99964.
Total: 81.817800 ms (FindLiveObjects: 7.200700 ms CreateObjectMapping: 4.254500 ms MarkObjects: 70.154800 ms  DeleteObjects: 0.207100 ms)

MenuButton missing flashEffect!
Making UI menu lean.
Only custom filters can be played. Please add a custom filter or an audioclip to the audiosource (Audio Player Actor Distant V2(Clone)).
Only custom filters can be played. Please add a custom filter or an audioclip to the audiosource (Audio Player Actor Distant V2(Clone)).
Only custom filters can be played. Please add a custom filter or an audioclip to the audiosource (Audio Player Actor Distant V2(Clone)).
Unloading 1 Unused Serialized files (Serialized files now loaded: 635)
Unloading 116 unused Assets to reduce memory usage. Loaded Objects now: 144516.
Total: 86.857500 ms (FindLiveObjects: 11.030500 ms CreateObjectMapping: 5.292400 ms MarkObjects: 69.412200 ms  DeleteObjects: 1.121900 ms)

Converting Vertex Colors from Color32 to Color.
Converting Vertex Colors from Color32 to Color.
Converting Vertex Colors from Color32 to Color.
Next area display "Next Area Right (2)" in "Arborium" did not have map scene parent.
Next area display "Next Area Right (2)" in "Arborium" did not have map scene parent.
Next area display "Next Area Right (2)" in "Arborium" did not have map scene parent.
Unloading 1 Unused Serialized files (Serialized files now loaded: 652)
Scene Manager missing from scene Bellway_03
Scene Manager missing from scene Bellway_03
UnloadTime: 9.687000 ms
Unexpected timestamp values detected. This can occur in H.264 videos not encoded with the baseline profile. Timestamps will be skewed to correct the playback for archive:/CAB-965c2a5f50b73f63c5ea1427a8f3d5b1/CAB-965c2a5f50b73f63c5ea1427a8f3d5b1.resource
Unloading 5324 unused Assets to reduce memory usage. Loaded Objects now: 168861.
Total: 113.025400 ms (FindLiveObjects: 14.946400 ms CreateObjectMapping: 6.345500 ms MarkObjects: 80.564400 ms  DeleteObjects: 11.168800 ms)

Unloading 1 Unused Serialized files (Serialized files now loaded: 644)
Unloading 200 unused Assets to reduce memory usage. Loaded Objects now: 176102.
Total: 94.789400 ms (FindLiveObjects: 12.851200 ms CreateObjectMapping: 4.976600 ms MarkObjects: 75.200800 ms  DeleteObjects: 1.760200 ms)

Next area display "Next Area Right (2)" in "Arborium" did not have map scene parent.
Next area display "Next Area Right (2)" in "Arborium" did not have map scene parent.
Next area display "Next Area Right (2)" in "Arborium" did not have map scene parent.
Coroutine couldn't be started because the the game object 'Farmer Catcher (3)' is inactive!
Next area display "Next Area Right (2)" in "Arborium" did not have map scene parent.
Next area display "Next Area Right (2)" in "Arborium" did not have map scene parent.
Next area display "Next Area Right (2)" in "Arborium" did not have map scene parent.
Cannot set the parent of the GameObject 'Air Blow Region Updraft(Clone)' while activating or deactivating the parent GameObject 'Updraft Region'.
Next area display "Next Area Right (2)" in "Arborium" did not have map scene parent.
Coroutine couldn't be started because the the game object 'RapidSlash Hit' is inactive!
Next area display "Next Area Right (2)" in "Arborium" did not have map scene parent.
Cannot set the parent of the GameObject 'Air Blow Region Updraft(Clone)' while activating or deactivating the parent GameObject 'Updraft Region'.
Next area display "Next Area Right (2)" in "Arborium" did not have map scene parent.
Next area display "Next Area Right (2)" in "Arborium" did not have map scene parent.
Next area display "Next Area Right (2)" in "Arborium" did not have map scene parent.
Next area display "Next Area Right (2)" in "Arborium" did not have map scene parent.
Unloading 1 Unused Serialized files (Serialized files now loaded: 644)
Unloading 3551 unused Assets to reduce memory usage. Loaded Objects now: 176347.
Total: 125.358800 ms (FindLiveObjects: 13.606800 ms CreateObjectMapping: 5.178600 ms MarkObjects: 79.660500 ms  DeleteObjects: 26.912100 ms)

Next area display "Next Area Right (2)" in "Arborium" did not have map scene parent.
Unloading 1 Unused Serialized files (Serialized files now loaded: 661)
UnloadTime: 8.024900 ms
Unexpected timestamp values detected. This can occur in H.264 videos not encoded with the baseline profile. Timestamps will be skewed to correct the playback for archive:/CAB-965c2a5f50b73f63c5ea1427a8f3d5b1/CAB-965c2a5f50b73f63c5ea1427a8f3d5b1.resource
Unloading 2993 unused Assets to reduce memory usage. Loaded Objects now: 169010.
Total: 105.754000 ms (FindLiveObjects: 13.252500 ms CreateObjectMapping: 5.367300 ms MarkObjects: 77.437300 ms  DeleteObjects: 9.696500 ms)

Unloading 1 Unused Serialized files (Serialized files now loaded: 669)
Unloading 52 unused Assets to reduce memory usage. Loaded Objects now: 178439.
Total: 97.914100 ms (FindLiveObjects: 13.161000 ms CreateObjectMapping: 4.805500 ms MarkObjects: 79.215900 ms  DeleteObjects: 0.730600 ms)

Next area display "Next Area Right (2)" in "Arborium" did not have map scene parent.
Next area display "Next Area Right (2)" in "Arborium" did not have map scene parent.
Next area display "Next Area Right (2)" in "Arborium" did not have map scene parent.
Next area display "Next Area Right (2)" in "Arborium" did not have map scene parent.
Next area display "Next Area Right (2)" in "Arborium" did not have map scene parent.
Next area display "Next Area Right (2)" in "Arborium" did not have map scene parent.
Next area display "Next Area Right (2)" in "Arborium" did not have map scene parent.
Next area display "Next Area Right (2)" in "Arborium" did not have map scene parent.
Next area display "Next Area Right (2)" in "Arborium" did not have map scene parent.
Next area display "Next Area Right (2)" in "Arborium" did not have map scene parent.
Next area display "Next Area Right (2)" in "Arborium" did not have map scene parent.
Coroutine couldn't be started because the the game object 'Camera Wind Region' is inactive!
Next area display "Next Area Right (2)" in "Arborium" did not have map scene parent.
Next area display "Next Area Right (2)" in "Arborium" did not have map scene parent.
Next area display "Next Area Right (2)" in "Arborium" did not have map scene parent.
Attempting to get `time` on an audio source that has a resource that is not a clip will always return 0.
Attempting to get `time` on an audio source that has a resource that is not a clip will always return 0.
Attempting to get `time` on an audio source that has a resource that is not a clip will always return 0.
Attempting to get `time` on an audio source that has a resource that is not a clip will always return 0.
Attempting to get `time` on an audio source that has a resource that is not a clip will always return 0.
Attempting to get `time` on an audio source that has a resource that is not a clip will always return 0.
Attempting to get `time` on an audio source that has a resource that is not a clip will always return 0.
Attempting to get `time` on an audio source that has a resource that is not a clip will always return 0.
Attempting to get `time` on an audio source that has a resource that is not a clip will always return 0.
Attempting to get `time` on an audio source that has a resource that is not a clip will always return 0.
Attempting to get `time` on an audio source that has a resource that is not a clip will always return 0.
Attempting to get `time` on an audio source that has a resource that is not a clip will always return 0.
Attempting to get `time` on an audio source that has a resource that is not a clip will always return 0.
Attempting to get `time` on an audio source that has a resource that is not a clip will always return 0.
Attempting to get `time` on an audio source that has a resource that is not a clip will always return 0.
Attempting to get `time` on an audio source that has a resource that is not a clip will always return 0.
Attempting to get `time` on an audio source that has a resource that is not a clip will always return 0.
Attempting to get `time` on an audio source that has a resource that is not a clip will always return 0.
Attempting to get `time` on an audio source that has a resource that is not a clip will always return 0.
Attempting to get `time` on an audio source that has a resource that is not a clip will always return 0.
Attempting to get `time` on an audio source that has a resource that is not a clip will always return 0.
Attempting to get `time` on an audio source that has a resource that is not a clip will always return 0.
Attempting to get `time` on an audio source that has a resource that is not a clip will always return 0.
Attempting to get `time` on an audio source that has a resource that is not a clip will always return 0.
Attempting to get `time` on an audio source that has a resource that is not a clip will always return 0.
Attempting to get `time` on an audio source that has a resource that is not a clip will always return 0.
Attempting to get `time` on an audio source that has a resource that is not a clip will always return 0.
Attempting to get `time` on an audio source that has a resource that is not a clip will always return 0.
Attempting to get `time` on an audio source that has a resource that is not a clip will always return 0.
Attempting to get `time` on an audio source that has a resource that is not a clip will always return 0.
Attempting to get `time` on an audio source that has a resource that is not a clip will always return 0.
Attempting to get `time` on an audio source that has a resource that is not a clip will always return 0.
Attempting to get `time` on an audio source that has a resource that is not a clip will always return 0.
Attempting to get `time` on an audio source that has a resource that is not a clip will always return 0.
Attempting to get `time` on an audio source that has a resource that is not a clip will always return 0.
Attempting to get `time` on an audio source that has a resource that is not a clip will always return 0.
Attempting to get `time` on an audio source that has a resource that is not a clip will always return 0.
Attempting to get `time` on an audio source that has a resource that is not a clip will always return 0.
Attempting to get `time` on an audio source that has a resource that is not a clip will always return 0.
Attempting to get `time` on an audio source that has a resource that is not a clip will always return 0.
Attempting to get `time` on an audio source that has a resource that is not a clip will always return 0.
Attempting to get `time` on an audio source that has a resource that is not a clip will always return 0.
Attempting to get `time` on an audio source that has a resource that is not a clip will always return 0.
Attempting to get `time` on an audio source that has a resource that is not a clip will always return 0.
Attempting to get `time` on an audio source that has a resource that is not a clip will always return 0.
Attempting to get `time` on an audio source that has a resource that is not a clip will always return 0.
Attempting to get `time` on an audio source that has a resource that is not a clip will always return 0.
Attempting to get `time` on an audio source that has a resource that is not a clip will always return 0.
Attempting to get `time` on an audio source that has a resource that is not a clip will always return 0.
Attempting to get `time` on an audio source that has a resource that is not a clip will always return 0.
Attempting to get `time` on an audio source that has a resource that is not a clip will always return 0.
Attempting to get `time` on an audio source that has a resource that is not a clip will always return 0.
Attempting to get `time` on an audio source that has a resource that is not a clip will always return 0.
Attempting to get `time` on an audio source that has a resource that is not a clip will always return 0.
Attempting to get `time` on an audio source that has a resource that is not a clip will always return 0.
Attempting to get `time` on an audio source that has a resource that is not a clip will always return 0.
Attempting to get `time` on an audio source that has a resource that is not a clip will always return 0.
Attempting to get `time` on an audio source that has a resource that is not a clip will always return 0.
Attempting to get `time` on an audio source that has a resource that is not a clip will always return 0.
Attempting to get `time` on an audio source that has a resource that is not a clip will always return 0.
Attempting to get `time` on an audio source that has a resource that is not a clip will always return 0.
Attempting to get `time` on an audio source that has a resource that is not a clip will always return 0.
Attempting to get `time` on an audio source that has a resource that is not a clip will always return 0.
Attempting to get `time` on an audio source that has a resource that is not a clip will always return 0.
Attempting to get `time` on an audio source that has a resource that is not a clip will always return 0.
Attempting to get `time` on an audio source that has a resource that is not a clip will always return 0.
Attempting to get `time` on an audio source that has a resource that is not a clip will always return 0.
Attempting to get `time` on an audio source that has a resource that is not a clip will always return 0.
Attempting to get `time` on an audio source that has a resource that is not a clip will always return 0.
Attempting to get `time` on an audio source that has a resource that is not a clip will always return 0.
Attempting to get `time` on an audio source that has a resource that is not a clip will always return 0.
Attempting to get `time` on an audio source that has a resource that is not a clip will always return 0.
Attempting to get `time` on an audio source that has a resource that is not a clip will always return 0.
Attempting to get `time` on an audio source that has a resource that is not a clip will always return 0.
Attempting to get `time` on an audio source that has a resource that is not a clip will always return 0.
Attempting to get `time` on an audio source that has a resource that is not a clip will always return 0.
Attempting to get `time` on an audio source that has a resource that is not a clip will always return 0.
Attempting to get `time` on an audio source that has a resource that is not a clip will always return 0.
Attempting to get `time` on an audio source that has a resource that is not a clip will always return 0.
Attempting to get `time` on an audio source that has a resource that is not a clip will always return 0.
Attempting to get `time` on an audio source that has a resource that is not a clip will always return 0.
Attempting to get `time` on an audio source that has a resource that is not a clip will always return 0.
Attempting to get `time` on an audio source that has a resource that is not a clip will always return 0.
Attempting to get `time` on an audio source that has a resource that is not a clip will always return 0.
Attempting to get `time` on an audio source that has a resource that is not a clip will always return 0.
Attempting to get `time` on an audio source that has a resource that is not a clip will always return 0.
Attempting to get `time` on an audio source that has a resource that is not a clip will always return 0.
Attempting to get `time` on an audio source that has a resource that is not a clip will always return 0.
Attempting to get `time` on an audio source that has a resource that is not a clip will always return 0.
Attempting to get `time` on an audio source that has a resource that is not a clip will always return 0.
Attempting to get `time` on an audio source that has a resource that is not a clip will always return 0.
Attempting to get `time` on an audio source that has a resource that is not a clip will always return 0.
Attempting to get `time` on an audio source that has a resource that is not a clip will always return 0.
Attempting to get `time` on an audio source that has a resource that is not a clip will always return 0.
Attempting to get `time` on an audio source that has a resource that is not a clip will always return 0.
Attempting to get `time` on an audio source that has a resource that is not a clip will always return 0.
Attempting to get `time` on an audio source that has a resource that is not a clip will always return 0.
Attempting to get `time` on an audio source that has a resource that is not a clip will always return 0.
Attempting to get `time` on an audio source that has a resource that is not a clip will always return 0.
Attempting to get `time` on an audio source that has a resource that is not a clip will always return 0.
Attempting to get `time` on an audio source that has a resource that is not a clip will always return 0.
Attempting to get `time` on an audio source that has a resource that is not a clip will always return 0.
Attempting to get `time` on an audio source that has a resource that is not a clip will always return 0.
Attempting to get `time` on an audio source that has a resource that is not a clip will always return 0.
Attempting to get `time` on an audio source that has a resource that is not a clip will always return 0.
Attempting to get `time` on an audio source that has a resource that is not a clip will always return 0.
Attempting to get `time` on an audio source that has a resource that is not a clip will always return 0.
Attempting to get `time` on an audio source that has a resource that is not a clip will always return 0.
Attempting to get `time` on an audio source that has a resource that is not a clip will always return 0.
Attempting to get `time` on an audio source that has a resource that is not a clip will always return 0.
Attempting to get `time` on an audio source that has a resource that is not a clip will always return 0.
Attempting to get `time` on an audio source that has a resource that is not a clip will always return 0.
Attempting to get `time` on an audio source that has a resource that is not a clip will always return 0.
Attempting to get `time` on an audio source that has a resource that is not a clip will always return 0.
Attempting to get `time` on an audio source that has a resource that is not a clip will always return 0.
Attempting to get `time` on an audio source that has a resource that is not a clip will always return 0.
Attempting to get `time` on an audio source that has a resource that is not a clip will always return 0.
Attempting to get `time` on an audio source that has a resource that is not a clip will always return 0.
Attempting to get `time` on an audio source that has a resource that is not a clip will always return 0.
Attempting to get `time` on an audio source that has a resource that is not a clip will always return 0.
Attempting to get `time` on an audio source that has a resource that is not a clip will always return 0.
Attempting to get `time` on an audio source that has a resource that is not a clip will always return 0.
Attempting to get `time` on an audio source that has a resource that is not a clip will always return 0.
Attempting to get `time` on an audio source that has a resource that is not a clip will always return 0.
Attempting to get `time` on an audio source that has a resource that is not a clip will always return 0.
Attempting to get `time` on an audio source that has a resource that is not a clip will always return 0.
Attempting to get `time` on an audio source that has a resource that is not a clip will always return 0.
Attempting to get `time` on an audio source that has a resource that is not a clip will always return 0.
Attempting to get `time` on an audio source that has a resource that is not a clip will always return 0.
Attempting to get `time` on an audio source that has a resource that is not a clip will always return 0.
Attempting to get `time` on an audio source that has a resource that is not a clip will always return 0.
Attempting to get `time` on an audio source that has a resource that is not a clip will always return 0.
Attempting to get `time` on an audio source that has a resource that is not a clip will always return 0.
Attempting to get `time` on an audio source that has a resource that is not a clip will always return 0.
Attempting to get `time` on an audio source that has a resource that is not a clip will always return 0.
Attempting to get `time` on an audio source that has a resource that is not a clip will always return 0.
Attempting to get `time` on an audio source that has a resource that is not a clip will always return 0.
Attempting to get `time` on an audio source that has a resource that is not a clip will always return 0.
Attempting to get `time` on an audio source that has a resource that is not a clip will always return 0.
Attempting to get `time` on an audio source that has a resource that is not a clip will always return 0.
Attempting to get `time` on an audio source that has a resource that is not a clip will always return 0.
Attempting to get `time` on an audio source that has a resource that is not a clip will always return 0.
Attempting to get `time` on an audio source that has a resource that is not a clip will always return 0.
Attempting to get `time` on an audio source that has a resource that is not a clip will always return 0.
Attempting to get `time` on an audio source that has a resource that is not a clip will always return 0.
Attempting to get `time` on an audio source that has a resource that is not a clip will always return 0.
Attempting to get `time` on an audio source that has a resource that is not a clip will always return 0.
Attempting to get `time` on an audio source that has a resource that is not a clip will always return 0.
Attempting to get `time` on an audio source that has a resource that is not a clip will always return 0.
Attempting to get `time` on an audio source that has a resource that is not a clip will always return 0.
Attempting to get `time` on an audio source that has a resource that is not a clip will always return 0.
Attempting to get `time` on an audio source that has a resource that is not a clip will always return 0.
Attempting to get `time` on an audio source that has a resource that is not a clip will always return 0.
Attempting to get `time` on an audio source that has a resource that is not a clip will always return 0.
Attempting to get `time` on an audio source that has a resource that is not a clip will always return 0.
Attempting to get `time` on an audio source that has a resource that is not a clip will always return 0.
Attempting to get `time` on an audio source that has a resource that is not a clip will always return 0.
Attempting to get `time` on an audio source that has a resource that is not a clip will always return 0.
Attempting to get `time` on an audio source that has a resource that is not a clip will always return 0.
Attempting to get `time` on an audio source that has a resource that is not a clip will always return 0.
Attempting to get `time` on an audio source that has a resource that is not a clip will always return 0.
Attempting to get `time` on an audio source that has a resource that is not a clip will always return 0.
Attempting to get `time` on an audio source that has a resource that is not a clip will always return 0.
Attempting to get `time` on an audio source that has a resource that is not a clip will always return 0.
Attempting to get `time` on an audio source that has a resource that is not a clip will always return 0.
Attempting to get `time` on an audio source that has a resource that is not a clip will always return 0.
Attempting to get `time` on an audio source that has a resource that is not a clip will always return 0.
Attempting to get `time` on an audio source that has a resource that is not a clip will always return 0.
Attempting to get `time` on an audio source that has a resource that is not a clip will always return 0.
Attempting to get `time` on an audio source that has a resource that is not a clip will always return 0.
Attempting to get `time` on an audio source that has a resource that is not a clip will always return 0.
Attempting to get `time` on an audio source that has a resource that is not a clip will always return 0.
Attempting to get `time` on an audio source that has a resource that is not a clip will always return 0.
Attempting to get `time` on an audio source that has a resource that is not a clip will always return 0.
Attempting to get `time` on an audio source that has a resource that is not a clip will always return 0.
Attempting to get `time` on an audio source that has a resource that is not a clip will always return 0.
Attempting to get `time` on an audio source that has a resource that is not a clip will always return 0.
Attempting to get `time` on an audio source that has a resource that is not a clip will always return 0.
Attempting to get `time` on an audio source that has a resource that is not a clip will always return 0.
Attempting to get `time` on an audio source that has a resource that is not a clip will always return 0.
Attempting to get `time` on an audio source that has a resource that is not a clip will always return 0.
Attempting to get `time` on an audio source that has a resource that is not a clip will always return 0.
Attempting to get `time` on an audio source that has a resource that is not a clip will always return 0.
Attempting to get `time` on an audio source that has a resource that is not a clip will always return 0.
Attempting to get `time` on an audio source that has a resource that is not a clip will always return 0.
Attempting to get `time` on an audio source that has a resource that is not a clip will always return 0.
Attempting to get `time` on an audio source that has a resource that is not a clip will always return 0.
Attempting to get `time` on an audio source that has a resource that is not a clip will always return 0.
Attempting to get `time` on an audio source that has a resource that is not a clip will always return 0.
Attempting to get `time` on an audio source that has a resource that is not a clip will always return 0.
Attempting to get `time` on an audio source that has a resource that is not a clip will always return 0.
Attempting to get `time` on an audio source that has a resource that is not a clip will always return 0.
Attempting to get `time` on an audio source that has a resource that is not a clip will always return 0.
Attempting to get `time` on an audio source that has a resource that is not a clip will always return 0.
Attempting to get `time` on an audio source that has a resource that is not a clip will always return 0.
Attempting to get `time` on an audio source that has a resource that is not a clip will always return 0.
Attempting to get `time` on an audio source that has a resource that is not a clip will always return 0.
Attempting to get `time` on an audio source that has a resource that is not a clip will always return 0.
Attempting to get `time` on an audio source that has a resource that is not a clip will always return 0.
Attempting to get `time` on an audio source that has a resource that is not a clip will always return 0.
Attempting to get `time` on an audio source that has a resource that is not a clip will always return 0.
Attempting to get `time` on an audio source that has a resource that is not a clip will always return 0.
Attempting to get `time` on an audio source that has a resource that is not a clip will always return 0.
Attempting to get `time` on an audio source that has a resource that is not a clip will always return 0.
Attempting to get `time` on an audio source that has a resource that is not a clip will always return 0.
Attempting to get `time` on an audio source that has a resource that is not a clip will always return 0.
Attempting to get `time` on an audio source that has a resource that is not a clip will always return 0.
Attempting to get `time` on an audio source that has a resource that is not a clip will always return 0.
Attempting to get `time` on an audio source that has a resource that is not a clip will always return 0.
Attempting to get `time` on an audio source that has a resource that is not a clip will always return 0.
Attempting to get `time` on an audio source that has a resource that is not a clip will always return 0.
Attempting to get `time` on an audio source that has a resource that is not a clip will always return 0.
Attempting to get `time` on an audio source that has a resource that is not a clip will always return 0.
Attempting to get `time` on an audio source that has a resource that is not a clip will always return 0.
Attempting to get `time` on an audio source that has a resource that is not a clip will always return 0.
Attempting to get `time` on an audio source that has a resource that is not a clip will always return 0.
Attempting to get `time` on an audio source that has a resource that is not a clip will always return 0.
Attempting to get `time` on an audio source that has a resource that is not a clip will always return 0.
Attempting to get `time` on an audio source that has a resource that is not a clip will always return 0.
Attempting to get `time` on an audio source that has a resource that is not a clip will always return 0.
Attempting to get `time` on an audio source that has a resource that is not a clip will always return 0.
Attempting to get `time` on an audio source that has a resource that is not a clip will always return 0.
Attempting to get `time` on an audio source that has a resource that is not a clip will always return 0.
Attempting to get `time` on an audio source that has a resource that is not a clip will always return 0.
Attempting to get `time` on an audio source that has a resource that is not a clip will always return 0.
Attempting to get `time` on an audio source that has a resource that is not a clip will always return 0.
Attempting to get `time` on an audio source that has a resource that is not a clip will always return 0.
Attempting to get `time` on an audio source that has a resource that is not a clip will always return 0.
Attempting to get `time` on an audio source that has a resource that is not a clip will always return 0.
Attempting to get `time` on an audio source that has a resource that is not a clip will always return 0.
Attempting to get `time` on an audio source that has a resource that is not a clip will always return 0.
Attempting to get `time` on an audio source that has a resource that is not a clip will always return 0.
Attempting to get `time` on an audio source that has a resource that is not a clip will always return 0.
Attempting to get `time` on an audio source that has a resource that is not a clip will always return 0.
Attempting to get `time` on an audio source that has a resource that is not a clip will always return 0.
Attempting to get `time` on an audio source that has a resource that is not a clip will always return 0.
Attempting to get `time` on an audio source that has a resource that is not a clip will always return 0.
Attempting to get `time` on an audio source that has a resource that is not a clip will always return 0.
Attempting to get `time` on an audio source that has a resource that is not a clip will always return 0.
Attempting to get `time` on an audio source that has a resource that is not a clip will always return 0.
Attempting to get `time` on an audio source that has a resource that is not a clip will always return 0.
Attempting to get `time` on an audio source that has a resource that is not a clip will always return 0.
Attempting to get `time` on an audio source that has a resource that is not a clip will always return 0.
Attempting to get `time` on an audio source that has a resource that is not a clip will always return 0.
Attempting to get `time` on an audio source that has a resource that is not a clip will always return 0.
Attempting to get `time` on an audio source that has a resource that is not a clip will always return 0.
Attempting to get `time` on an audio source that has a resource that is not a clip will always return 0.
Attempting to get `time` on an audio source that has a resource that is not a clip will always return 0.
Attempting to get `time` on an audio source that has a resource that is not a clip will always return 0.
Attempting to get `time` on an audio source that has a resource that is not a clip will always return 0.
Attempting to get `time` on an audio source that has a resource that is not a clip will always return 0.
Attempting to get `time` on an audio source that has a resource that is not a clip will always return 0.
Attempting to get `time` on an audio source that has a resource that is not a clip will always return 0.
Attempting to get `time` on an audio source that has a resource that is not a clip will always return 0.
Attempting to get `time` on an audio source that has a resource that is not a clip will always return 0.
Attempting to get `time` on an audio source that has a resource that is not a clip will always return 0.
Attempting to get `time` on an audio source that has a resource that is not a clip will always return 0.
Attempting to get `time` on an audio source that has a resource that is not a clip will always return 0.
Attempting to get `time` on an audio source that has a resource that is not a clip will always return 0.
Attempting to get `time` on an audio source that has a resource that is not a clip will always return 0.
Attempting to get `time` on an audio source that has a resource that is not a clip will always return 0.
Attempting to get `time` on an audio source that has a resource that is not a clip will always return 0.
Attempting to get `time` on an audio source that has a resource that is not a clip will always return 0.
Attempting to get `time` on an audio source that has a resource that is not a clip will always return 0.
Attempting to get `time` on an audio source that has a resource that is not a clip will always return 0.
Attempting to get `time` on an audio source that has a resource that is not a clip will always return 0.
Attempting to get `time` on an audio source that has a resource that is not a clip will always return 0.
Attempting to get `time` on an audio source that has a resource that is not a clip will always return 0.
Attempting to get `time` on an audio source that has a resource that is not a clip will always return 0.
Attempting to get `time` on an audio source that has a resource that is not a clip will always return 0.
Attempting to get `time` on an audio source that has a resource that is not a clip will always return 0.
Attempting to get `time` on an audio source that has a resource that is not a clip will always return 0.
Attempting to get `time` on an audio source that has a resource that is not a clip will always return 0.
Attempting to get `time` on an audio source that has a resource that is not a clip will always return 0.
Attempting to get `time` on an audio source that has a resource that is not a clip will always return 0.
Attempting to get `time` on an audio source that has a resource that is not a clip will always return 0.
Attempting to get `time` on an audio source that has a resource that is not a clip will always return 0.
Attempting to get `time` on an audio source that has a resource that is not a clip will always return 0.
Attempting to get `time` on an audio source that has a resource that is not a clip will always return 0.
Attempting to get `time` on an audio source that has a resource that is not a clip will always return 0.
Attempting to get `time` on an audio source that has a resource that is not a clip will always return 0.
Attempting to get `time` on an audio source that has a resource that is not a clip will always return 0.
Attempting to get `time` on an audio source that has a resource that is not a clip will always return 0.
Attempting to get `time` on an audio source that has a resource that is not a clip will always return 0.
Attempting to get `time` on an audio source that has a resource that is not a clip will always return 0.
Attempting to get `time` on an audio source that has a resource that is not a clip will always return 0.
Attempting to get `time` on an audio source that has a resource that is not a clip will always return 0.
Attempting to get `time` on an audio source that has a resource that is not a clip will always return 0.
Attempting to get `time` on an audio source that has a resource that is not a clip will always return 0.
Attempting to get `time` on an audio source that has a resource that is not a clip will always return 0.
Attempting to get `time` on an audio source that has a resource that is not a clip will always return 0.
Attempting to get `time` on an audio source that has a resource that is not a clip will always return 0.
Attempting to get `time` on an audio source that has a resource that is not a clip will always return 0.
Attempting to get `time` on an audio source that has a resource that is not a clip will always return 0.
Attempting to get `time` on an audio source that has a resource that is not a clip will always return 0.
Attempting to get `time` on an audio source that has a resource that is not a clip will always return 0.
Attempting to get `time` on an audio source that has a resource that is not a clip will always return 0.
Attempting to get `time` on an audio source that has a resource that is not a clip will always return 0.
Attempting to get `time` on an audio source that has a resource that is not a clip will always return 0.
Attempting to get `time` on an audio source that has a resource that is not a clip will always return 0.
Attempting to get `time` on an audio source that has a resource that is not a clip will always return 0.
Attempting to get `time` on an audio source that has a resource that is not a clip will always return 0.
Attempting to get `time` on an audio source that has a resource that is not a clip will always return 0.
Attempting to get `time` on an audio source that has a resource that is not a clip will always return 0.
Attempting to get `time` on an audio source that has a resource that is not a clip will always return 0.
Attempting to get `time` on an audio source that has a resource that is not a clip will always return 0.
Attempting to get `time` on an audio source that has a resource that is not a clip will always return 0.
Attempting to get `time` on an audio source that has a resource that is not a clip will always return 0.
Attempting to get `time` on an audio source that has a resource that is not a clip will always return 0.
Attempting to get `time` on an audio source that has a resource that is not a clip will always return 0.
Attempting to get `time` on an audio source that has a resource that is not a clip will always return 0.
Attempting to get `time` on an audio source that has a resource that is not a clip will always return 0.
Attempting to get `time` on an audio source that has a resource that is not a clip will always return 0.
Attempting to get `time` on an audio source that has a resource that is not a clip will always return 0.
Attempting to get `time` on an audio source that has a resource that is not a clip will always return 0.
Attempting to get `time` on an audio source that has a resource that is not a clip will always return 0.
Attempting to get `time` on an audio source that has a resource that is not a clip will always return 0.
Attempting to get `time` on an audio source that has a resource that is not a clip will always return 0.
Attempting to get `time` on an audio source that has a resource that is not a clip will always return 0.
Attempting to get `time` on an audio source that has a resource that is not a clip will always return 0.
Attempting to get `time` on an audio source that has a resource that is not a clip will always return 0.
Attempting to get `time` on an audio source that has a resource that is not a clip will always return 0.
Attempting to get `time` on an audio source that has a resource that is not a clip will always return 0.
Attempting to get `time` on an audio source that has a resource that is not a clip will always return 0.
Attempting to get `time` on an audio source that has a resource that is not a clip will always return 0.
Attempting to get `time` on an audio source that has a resource that is not a clip will always return 0.
Attempting to get `time` on an audio source that has a resource that is not a clip will always return 0.
Attempting to get `time` on an audio source that has a resource that is not a clip will always return 0.
Attempting to get `time` on an audio source that has a resource that is not a clip will always return 0.
Attempting to get `time` on an audio source that has a resource that is not a clip will always return 0.
Attempting to get `time` on an audio source that has a resource that is not a clip will always return 0.
Attempting to get `time` on an audio source that has a resource that is not a clip will always return 0.
Attempting to get `time` on an audio source that has a resource that is not a clip will always return 0.
Attempting to get `time` on an audio source that has a resource that is not a clip will always return 0.
Attempting to get `time` on an audio source that has a resource that is not a clip will always return 0.
Attempting to get `time` on an audio source that has a resource that is not a clip will always return 0.
Attempting to get `time` on an audio source that has a resource that is not a clip will always return 0.
Attempting to get `time` on an audio source that has a resource that is not a clip will always return 0.
Attempting to get `time` on an audio source that has a resource that is not a clip will always return 0.
Attempting to get `time` on an audio source that has a resource that is not a clip will always return 0.
Attempting to get `time` on an audio source that has a resource that is not a clip will always return 0.
Attempting to get `time` on an audio source that has a resource that is not a clip will always return 0.
Attempting to get `time` on an audio source that has a resource that is not a clip will always return 0.
Attempting to get `time` on an audio source that has a resource that is not a clip will always return 0.
Attempting to get `time` on an audio source that has a resource that is not a clip will always return 0.
Attempting to get `time` on an audio source that has a resource that is not a clip will always return 0.
Attempting to get `time` on an audio source that has a resource that is not a clip will always return 0.
Attempting to get `time` on an audio source that has a resource that is not a clip will always return 0.
Attempting to get `time` on an audio source that has a resource that is not a clip will always return 0.
Attempting to get `time` on an audio source that has a resource that is not a clip will always return 0.
Attempting to get `time` on an audio source that has a resource that is not a clip will always return 0.
Attempting to get `time` on an audio source that has a resource that is not a clip will always return 0.
Attempting to get `time` on an audio source that has a resource that is not a clip will always return 0.
Attempting to get `time` on an audio source that has a resource that is not a clip will always return 0.
Attempting to get `time` on an audio source that has a resource that is not a clip will always return 0.
Attempting to get `time` on an audio source that has a resource that is not a clip will always return 0.
Attempting to get `time` on an audio source that has a resource that is not a clip will always return 0.
Attempting to get `time` on an audio source that has a resource that is not a clip will always return 0.
Attempting to get `time` on an audio source that has a resource that is not a clip will always return 0.
Attempting to get `time` on an audio source that has a resource that is not a clip will always return 0.
Attempting to get `time` on an audio source that has a resource that is not a clip will always return 0.
Attempting to get `time` on an audio source that has a resource that is not a clip will always return 0.
Attempting to get `time` on an audio source that has a resource that is not a clip will always return 0.
Attempting to get `time` on an audio source that has a resource that is not a clip will always return 0.
Attempting to get `time` on an audio source that has a resource that is not a clip will always return 0.
Attempting to get `time` on an audio source that has a resource that is not a clip will always return 0.
Attempting to get `time` on an audio source that has a resource that is not a clip will always return 0.
Attempting to get `time` on an audio source that has a resource that is not a clip will always return 0.
Attempting to get `time` on an audio source that has a resource that is not a clip will always return 0.
Attempting to get `time` on an audio source that has a resource that is not a clip will always return 0.
Attempting to get `time` on an audio source that has a resource that is not a clip will always return 0.
Attempting to get `time` on an audio source that has a resource that is not a clip will always return 0.
Attempting to get `time` on an audio source that has a resource that is not a clip will always return 0.
Attempting to get `time` on an audio source that has a resource that is not a clip will always return 0.
Attempting to get `time` on an audio source that has a resource that is not a clip will always return 0.
Attempting to get `time` on an audio source that has a resource that is not a clip will always return 0.
Attempting to get `time` on an audio source that has a resource that is not a clip will always return 0.
Attempting to get `time` on an audio source that has a resource that is not a clip will always return 0.
Attempting to get `time` on an audio source that has a resource that is not a clip will always return 0.
Attempting to get `time` on an audio source that has a resource that is not a clip will always return 0.
Attempting to get `time` on an audio source that has a resource that is not a clip will always return 0.
Attempting to get `time` on an audio source that has a resource that is not a clip will always return 0.
Attempting to get `time` on an audio source that has a resource that is not a clip will always return 0.
Attempting to get `time` on an audio source that has a resource that is not a clip will always return 0.
Attempting to get `time` on an audio source that has a resource that is not a clip will always return 0.
Attempting to get `time` on an audio source that has a resource that is not a clip will always return 0.
Attempting to get `time` on an audio source that has a resource that is not a clip will always return 0.
Attempting to get `time` on an audio source that has a resource that is not a clip will always return 0.
Attempting to get `time` on an audio source that has a resource that is not a clip will always return 0.
Attempting to get `time` on an audio source that has a resource that is not a clip will always return 0.
Attempting to get `time` on an audio source that has a resource that is not a clip will always return 0.
Attempting to get `time` on an audio source that has a resource that is not a clip will always return 0.
Attempting to get `time` on an audio source that has a resource that is not a clip will always return 0.
Attempting to get `time` on an audio source that has a resource that is not a clip will always return 0.
Attempting to get `time` on an audio source that has a resource that is not a clip will always return 0.
Attempting to get `time` on an audio source that has a resource that is not a clip will always return 0.
Attempting to get `time` on an audio source that has a resource that is not a clip will always return 0.
Attempting to get `time` on an audio source that has a resource that is not a clip will always return 0.
Attempting to get `time` on an audio source that has a resource that is not a clip will always return 0.
Attempting to get `time` on an audio source that has a resource that is not a clip will always return 0.
Attempting to get `time` on an audio source that has a resource that is not a clip will always return 0.
Attempting to get `time` on an audio source that has a resource that is not a clip will always return 0.
Attempting to get `time` on an audio source that has a resource that is not a clip will always return 0.
Attempting to get `time` on an audio source that has a resource that is not a clip will always return 0.
Attempting to get `time` on an audio source that has a resource that is not a clip will always return 0.
Attempting to get `time` on an audio source that has a resource that is not a clip will always return 0.
Attempting to get `time` on an audio source that has a resource that is not a clip will always return 0.
Attempting to get `time` on an audio source that has a resource that is not a clip will always return 0.
Attempting to get `time` on an audio source that has a resource that is not a clip will always return 0.
Attempting to get `time` on an audio source that has a resource that is not a clip will always return 0.
Attempting to get `time` on an audio source that has a resource that is not a clip will always return 0.
Attempting to get `time` on an audio source that has a resource that is not a clip will always return 0.
Attempting to get `time` on an audio source that has a resource that is not a clip will always return 0.
Attempting to get `time` on an audio source that has a resource that is not a clip will always return 0.
Attempting to get `time` on an audio source that has a resource that is not a clip will always return 0.
Attempting to get `time` on an audio source that has a resource that is not a clip will always return 0.
Attempting to get `time` on an audio source that has a resource that is not a clip will always return 0.
Attempting to get `time` on an audio source that has a resource that is not a clip will always return 0.
Attempting to get `time` on an audio source that has a resource that is not a clip will always return 0.
Attempting to get `time` on an audio source that has a resource that is not a clip will always return 0.
Attempting to get `time` on an audio source that has a resource that is not a clip will always return 0.
Attempting to get `time` on an audio source that has a resource that is not a clip will always return 0.
Attempting to get `time` on an audio source that has a resource that is not a clip will always return 0.
Attempting to get `time` on an audio source that has a resource that is not a clip will always return 0.
Attempting to get `time` on an audio source that has a resource that is not a clip will always return 0.
Attempting to get `time` on an audio source that has a resource that is not a clip will always return 0.
Attempting to get `time` on an audio source that has a resource that is not a clip will always return 0.
Attempting to get `time` on an audio source that has a resource that is not a clip will always return 0.
Attempting to get `time` on an audio source that has a resource that is not a clip will always return 0.
Attempting to get `time` on an audio source that has a resource that is not a clip will always return 0.
Attempting to get `time` on an audio source that has a resource that is not a clip will always return 0.
Attempting to get `time` on an audio source that has a resource that is not a clip will always return 0.
Attempting to get `time` on an audio source that has a resource that is not a clip will always return 0.
Attempting to get `time` on an audio source that has a resource that is not a clip will always return 0.
Attempting to get `time` on an audio source that has a resource that is not a clip will always return 0.
Attempting to get `time` on an audio source that has a resource that is not a clip will always return 0.
Attempting to get `time` on an audio source that has a resource that is not a clip will always return 0.
Attempting to get `time` on an audio source that has a resource that is not a clip will always return 0.
Attempting to get `time` on an audio source that has a resource that is not a clip will always return 0.
Attempting to get `time` on an audio source that has a resource that is not a clip will always return 0.
Attempting to get `time` on an audio source that has a resource that is not a clip will always return 0.
Attempting to get `time` on an audio source that has a resource that is not a clip will always return 0.
Attempting to get `time` on an audio source that has a resource that is not a clip will always return 0.
Attempting to get `time` on an audio source that has a resource that is not a clip will always return 0.
Attempting to get `time` on an audio source that has a resource that is not a clip will always return 0.
Attempting to get `time` on an audio source that has a resource that is not a clip will always return 0.
Attempting to get `time` on an audio source that has a resource that is not a clip will always return 0.
Attempting to get `time` on an audio source that has a resource that is not a clip will always return 0.
Attempting to get `time` on an audio source that has a resource that is not a clip will always return 0.
Attempting to get `time` on an audio source that has a resource that is not a clip will always return 0.
Attempting to get `time` on an audio source that has a resource that is not a clip will always return 0.
Attempting to get `time` on an audio source that has a resource that is not a clip will always return 0.
Attempting to get `time` on an audio source that has a resource that is not a clip will always return 0.
Attempting to get `time` on an audio source that has a resource that is not a clip will always return 0.
Attempting to get `time` on an audio source that has a resource that is not a clip will always return 0.
Attempting to get `time` on an audio source that has a resource that is not a clip will always return 0.
Attempting to get `time` on an audio source that has a resource that is not a clip will always return 0.
Attempting to get `time` on an audio source that has a resource that is not a clip will always return 0.
Attempting to get `time` on an audio source that has a resource that is not a clip will always return 0.
Attempting to get `time` on an audio source that has a resource that is not a clip will always return 0.
Attempting to get `time` on an audio source that has a resource that is not a clip will always return 0.
Attempting to get `time` on an audio source that has a resource that is not a clip will always return 0.
Attempting to get `time` on an audio source that has a resource that is not a clip will always return 0.
Attempting to get `time` on an audio source that has a resource that is not a clip will always return 0.
Attempting to get `time` on an audio source that has a resource that is not a clip will always return 0.
Attempting to get `time` on an audio source that has a resource that is not a clip will always return 0.
Attempting to get `time` on an audio source that has a resource that is not a clip will always return 0.
Attempting to get `time` on an audio source that has a resource that is not a clip will always return 0.
Attempting to get `time` on an audio source that has a resource that is not a clip will always return 0.
Attempting to get `time` on an audio source that has a resource that is not a clip will always return 0.
Attempting to get `time` on an audio source that has a resource that is not a clip will always return 0.
Attempting to get `time` on an audio source that has a resource that is not a clip will always return 0.
Attempting to get `time` on an audio source that has a resource that is not a clip will always return 0.
Attempting to get `time` on an audio source that has a resource that is not a clip will always return 0.
Attempting to get `time` on an audio source that has a resource that is not a clip will always return 0.
Attempting to get `time` on an audio source that has a resource that is not a clip will always return 0.
Attempting to get `time` on an audio source that has a resource that is not a clip will always return 0.
Attempting to get `time` on an audio source that has a resource that is not a clip will always return 0.
Attempting to get `time` on an audio source that has a resource that is not a clip will always return 0.
Attempting to get `time` on an audio source that has a resource that is not a clip will always return 0.
Attempting to get `time` on an audio source that has a resource that is not a clip will always return 0.
Attempting to get `time` on an audio source that has a resource that is not a clip will always return 0.
Attempting to get `time` on an audio source that has a resource that is not a clip will always return 0.
Attempting to get `time` on an audio source that has a resource that is not a clip will always return 0.
Attempting to get `time` on an audio source that has a resource that is not a clip will always return 0.
Attempting to get `time` on an audio source that has a resource that is not a clip will always return 0.
Attempting to get `time` on an audio source that has a resource that is not a clip will always return 0.
Attempting to get `time` on an audio source that has a resource that is not a clip will always return 0.
Attempting to get `time` on an audio source that has a resource that is not a clip will always return 0.
Attempting to get `time` on an audio source that has a resource that is not a clip will always return 0.
Attempting to get `time` on an audio source that has a resource that is not a clip will always return 0.
Attempting to get `time` on an audio source that has a resource that is not a clip will always return 0.
Attempting to get `time` on an audio source that has a resource that is not a clip will always return 0.
Attempting to get `time` on an audio source that has a resource that is not a clip will always return 0.
Attempting to get `time` on an audio source that has a resource that is not a clip will always return 0.
Attempting to get `time` on an audio source that has a resource that is not a clip will always return 0.
Attempting to get `time` on an audio source that has a resource that is not a clip will always return 0.
Attempting to get `time` on an audio source that has a resource that is not a clip will always return 0.
Attempting to get `time` on an audio source that has a resource that is not a clip will always return 0.
Attempting to get `time` on an audio source that has a resource that is not a clip will always return 0.
Attempting to get `time` on an audio source that has a resource that is not a clip will always return 0.
Attempting to get `time` on an audio source that has a resource that is not a clip will always return 0.
Attempting to get `time` on an audio source that has a resource that is not a clip will always return 0.
Attempting to get `time` on an audio source that has a resource that is not a clip will always return 0.
Attempting to get `time` on an audio source that has a resource that is not a clip will always return 0.
Attempting to get `time` on an audio source that has a resource that is not a clip will always return 0.
Attempting to get `time` on an audio source that has a resource that is not a clip will always return 0.
Attempting to get `time` on an audio source that has a resource that is not a clip will always return 0.
Attempting to get `time` on an audio source that has a resource that is not a clip will always return 0.
Attempting to get `time` on an audio source that has a resource that is not a clip will always return 0.
Attempting to get `time` on an audio source that has a resource that is not a clip will always return 0.
Attempting to get `time` on an audio source that has a resource that is not a clip will always return 0.
Attempting to get `time` on an audio source that has a resource that is not a clip will always return 0.
Attempting to get `time` on an audio source that has a resource that is not a clip will always return 0.
Attempting to get `time` on an audio source that has a resource that is not a clip will always return 0.
Attempting to get `time` on an audio source that has a resource that is not a clip will always return 0.
Attempting to get `time` on an audio source that has a resource that is not a clip will always return 0.
Attempting to get `time` on an audio source that has a resource that is not a clip will always return 0.
Attempting to get `time` on an audio source that has a resource that is not a clip will always return 0.
Attempting to get `time` on an audio source that has a resource that is not a clip will always return 0.
Attempting to get `time` on an audio source that has a resource that is not a clip will always return 0.
Attempting to get `time` on an audio source that has a resource that is not a clip will always return 0.
Attempting to get `time` on an audio source that has a resource that is not a clip will always return 0.
Attempting to get `time` on an audio source that has a resource that is not a clip will always return 0.
Attempting to get `time` on an audio source that has a resource that is not a clip will always return 0.
Attempting to get `time` on an audio source that has a resource that is not a clip will always return 0.
Attempting to get `time` on an audio source that has a resource that is not a clip will always return 0.
Attempting to get `time` on an audio source that has a resource that is not a clip will always return 0.
Attempting to get `time` on an audio source that has a resource that is not a clip will always return 0.
Attempting to get `time` on an audio source that has a resource that is not a clip will always return 0.
Attempting to get `time` on an audio source that has a resource that is not a clip will always return 0.
Attempting to get `time` on an audio source that has a resource that is not a clip will always return 0.
Attempting to get `time` on an audio source that has a resource that is not a clip will always return 0.
Attempting to get `time` on an audio source that has a resource that is not a clip will always return 0.
Attempting to get `time` on an audio source that has a resource that is not a clip will always return 0.
Attempting to get `time` on an audio source that has a resource that is not a clip will always return 0.
Attempting to get `time` on an audio source that has a resource that is not a clip will always return 0.
Attempting to get `time` on an audio source that has a resource that is not a clip will always return 0.
Attempting to get `time` on an audio source that has a resource that is not a clip will always return 0.
Attempting to get `time` on an audio source that has a resource that is not a clip will always return 0.
Attempting to get `time` on an audio source that has a resource that is not a clip will always return 0.
Attempting to get `time` on an audio source that has a resource that is not a clip will always return 0.
Attempting to get `time` on an audio source that has a resource that is not a clip will always return 0.
Attempting to get `time` on an audio source that has a resource that is not a clip will always return 0.
Attempting to get `time` on an audio source that has a resource that is not a clip will always return 0.
Attempting to get `time` on an audio source that has a resource that is not a clip will always return 0.
Attempting to get `time` on an audio source that has a resource that is not a clip will always return 0.
Attempting to get `time` on an audio source that has a resource that is not a clip will always return 0.
Attempting to get `time` on an audio source that has a resource that is not a clip will always return 0.
Attempting to get `time` on an audio source that has a resource that is not a clip will always return 0.
Attempting to get `time` on an audio source that has a resource that is not a clip will always return 0.
Attempting to get `time` on an audio source that has a resource that is not a clip will always return 0.
Attempting to get `time` on an audio source that has a resource that is not a clip will always return 0.
Attempting to get `time` on an audio source that has a resource that is not a clip will always return 0.
Attempting to get `time` on an audio source that has a resource that is not a clip will always return 0.
Attempting to get `time` on an audio source that has a resource that is not a clip will always return 0.
Attempting to get `time` on an audio source that has a resource that is not a clip will always return 0.
Attempting to get `time` on an audio source that has a resource that is not a clip will always return 0.
Attempting to get `time` on an audio source that has a resource that is not a clip will always return 0.
Attempting to get `time` on an audio source that has a resource that is not a clip will always return 0.
Attempting to get `time` on an audio source that has a resource that is not a clip will always return 0.
Attempting to get `time` on an audio source that has a resource that is not a clip will always return 0.
Attempting to get `time` on an audio source that has a resource that is not a clip will always return 0.
Attempting to get `time` on an audio source that has a resource that is not a clip will always return 0.
Attempting to get `time` on an audio source that has a resource that is not a clip will always return 0.
Attempting to get `time` on an audio source that has a resource that is not a clip will always return 0.
Attempting to get `time` on an audio source that has a resource that is not a clip will always return 0.
Attempting to get `time` on an audio source that has a resource that is not a clip will always return 0.
Attempting to get `time` on an audio source that has a resource that is not a clip will always return 0.
Attempting to get `time` on an audio source that has a resource that is not a clip will always return 0.
Attempting to get `time` on an audio source that has a resource that is not a clip will always return 0.
Attempting to get `time` on an audio source that has a resource that is not a clip will always return 0.
Attempting to get `time` on an audio source that has a resource that is not a clip will always return 0.
Attempting to get `time` on an audio source that has a resource that is not a clip will always return 0.
Attempting to get `time` on an audio source that has a resource that is not a clip will always return 0.
Attempting to get `time` on an audio source that has a resource that is not a clip will always return 0.
Attempting to get `time` on an audio source that has a resource that is not a clip will always return 0.
Attempting to get `time` on an audio source that has a resource that is not a clip will always return 0.
Attempting to get `time` on an audio source that has a resource that is not a clip will always return 0.
Attempting to get `time` on an audio source that has a resource that is not a clip will always return 0.
Attempting to get `time` on an audio source that has a resource that is not a clip will always return 0.
Attempting to get `time` on an audio source that has a resource that is not a clip will always return 0.
Attempting to get `time` on an audio source that has a resource that is not a clip will always return 0.
Attempting to get `time` on an audio source that has a resource that is not a clip will always return 0.
Attempting to get `time` on an audio source that has a resource that is not a clip will always return 0.
Attempting to get `time` on an audio source that has a resource that is not a clip will always return 0.
Attempting to get `time` on an audio source that has a resource that is not a clip will always return 0.
Attempting to get `time` on an audio source that has a resource that is not a clip will always return 0.
Attempting to get `time` on an audio source that has a resource that is not a clip will always return 0.
Attempting to get `time` on an audio source that has a resource that is not a clip will always return 0.
Attempting to get `time` on an audio source that has a resource that is not a clip will always return 0.
Attempting to get `time` on an audio source that has a resource that is not a clip will always return 0.
Attempting to get `time` on an audio source that has a resource that is not a clip will always return 0.
Attempting to get `time` on an audio source that has a resource that is not a clip will always return 0.
Attempting to get `time` on an audio source that has a resource that is not a clip will always return 0.
Attempting to get `time` on an audio source that has a resource that is not a clip will always return 0.
Attempting to get `time` on an audio source that has a resource that is not a clip will always return 0.
Attempting to get `time` on an audio source that has a resource that is not a clip will always return 0.
Attempting to get `time` on an audio source that has a resource that is not a clip will always return 0.
Attempting to get `time` on an audio source that has a resource that is not a clip will always return 0.
Attempting to get `time` on an audio source that has a resource that is not a clip will always return 0.
Attempting to get `time` on an audio source that has a resource that is not a clip will always return 0.
Attempting to get `time` on an audio source that has a resource that is not a clip will always return 0.
Attempting to get `time` on an audio source that has a resource that is not a clip will always return 0.
Attempting to get `time` on an audio source that has a resource that is not a clip will always return 0.
Attempting to get `time` on an audio source that has a resource that is not a clip will always return 0.
Attempting to get `time` on an audio source that has a resource that is not a clip will always return 0.
Attempting to get `time` on an audio source that has a resource that is not a clip will always return 0.
Attempting to get `time` on an audio source that has a resource that is not a clip will always return 0.
Attempting to get `time` on an audio source that has a resource that is not a clip will always return 0.
Attempting to get `time` on an audio source that has a resource that is not a clip will always return 0.
Attempting to get `time` on an audio source that has a resource that is not a clip will always return 0.
Attempting to get `time` on an audio source that has a resource that is not a clip will always return 0.
Attempting to get `time` on an audio source that has a resource that is not a clip will always return 0.
Attempting to get `time` on an audio source that has a resource that is not a clip will always return 0.
Attempting to get `time` on an audio source that has a resource that is not a clip will always return 0.
Attempting to get `time` on an audio source that has a resource that is not a clip will always return 0.
Attempting to get `time` on an audio source that has a resource that is not a clip will always return 0.
Attempting to get `time` on an audio source that has a resource that is not a clip will always return 0.
Attempting to get `time` on an audio source that has a resource that is not a clip will always return 0.
Attempting to get `time` on an audio source that has a resource that is not a clip will always return 0.
Attempting to get `time` on an audio source that has a resource that is not a clip will always return 0.
Attempting to get `time` on an audio source that has a resource that is not a clip will always return 0.
Attempting to get `time` on an audio source that has a resource that is not a clip will always return 0.
Attempting to get `time` on an audio source that has a resource that is not a clip will always return 0.
Attempting to get `time` on an audio source that has a resource that is not a clip will always return 0.
Attempting to get `time` on an audio source that has a resource that is not a clip will always return 0.
Attempting to get `time` on an audio source that has a resource that is not a clip will always return 0.
Attempting to get `time` on an audio source that has a resource that is not a clip will always return 0.
Attempting to get `time` on an audio source that has a resource that is not a clip will always return 0.
Attempting to get `time` on an audio source that has a resource that is not a clip will always return 0.
Attempting to get `time` on an audio source that has a resource that is not a clip will always return 0.
Attempting to get `time` on an audio source that has a resource that is not a clip will always return 0.
Attempting to get `time` on an audio source that has a resource that is not a clip will always return 0.
Attempting to get `time` on an audio source that has a resource that is not a clip will always return 0.
Attempting to get `time` on an audio source that has a resource that is not a clip will always return 0.
Attempting to get `time` on an audio source that has a resource that is not a clip will always return 0.
Attempting to get `time` on an audio source that has a resource that is not a clip will always return 0.
Attempting to get `time` on an audio source that has a resource that is not a clip will always return 0.
Attempting to get `time` on an audio source that has a resource that is not a clip will always return 0.
Attempting to get `time` on an audio source that has a resource that is not a clip will always return 0.
Attempting to get `time` on an audio source that has a resource that is not a clip will always return 0.
Attempting to get `time` on an audio source that has a resource that is not a clip will always return 0.
Attempting to get `time` on an audio source that has a resource that is not a clip will always return 0.
Attempting to get `time` on an audio source that has a resource that is not a clip will always return 0.
Attempting to get `time` on an audio source that has a resource that is not a clip will always return 0.
Attempting to get `time` on an audio source that has a resource that is not a clip will always return 0.
Attempting to get `time` on an audio source that has a resource that is not a clip will always return 0.
Attempting to get `time` on an audio source that has a resource that is not a clip will always return 0.
Attempting to get `time` on an audio source that has a resource that is not a clip will always return 0.
Attempting to get `time` on an audio source that has a resource that is not a clip will always return 0.
Attempting to get `time` on an audio source that has a resource that is not a clip will always return 0.
Attempting to get `time` on an audio source that has a resource that is not a clip will always return 0.
Attempting to get `time` on an audio source that has a resource that is not a clip will always return 0.
Attempting to get `time` on an audio source that has a resource that is not a clip will always return 0.
Attempting to get `time` on an audio source that has a resource that is not a clip will always return 0.
Attempting to get `time` on an audio source that has a resource that is not a clip will always return 0.
Attempting to get `time` on an audio source that has a resource that is not a clip will always return 0.
Attempting to get `time` on an audio source that has a resource that is not a clip will always return 0.
Attempting to get `time` on an audio source that has a resource that is not a clip will always return 0.
Attempting to get `time` on an audio source that has a resource that is not a clip will always return 0.
Attempting to get `time` on an audio source that has a resource that is not a clip will always return 0.
Attempting to get `time` on an audio source that has a resource that is not a clip will always return 0.
Attempting to get `time` on an audio source that has a resource that is not a clip will always return 0.
Attempting to get `time` on an audio source that has a resource that is not a clip will always return 0.
Attempting to get `time` on an audio source that has a resource that is not a clip will always return 0.
Attempting to get `time` on an audio source that has a resource that is not a clip will always return 0.
Attempting to get `time` on an audio source that has a resource that is not a clip will always return 0.
Attempting to get `time` on an audio source that has a resource that is not a clip will always return 0.
Attempting to get `time` on an audio source that has a resource that is not a clip will always return 0.
Attempting to get `time` on an audio source that has a resource that is not a clip will always return 0.
Attempting to get `time` on an audio source that has a resource that is not a clip will always return 0.
Attempting to get `time` on an audio source that has a resource that is not a clip will always return 0.
Attempting to get `time` on an audio source that has a resource that is not a clip will always return 0.
Attempting to get `time` on an audio source that has a resource that is not a clip will always return 0.
Attempting to get `time` on an audio source that has a resource that is not a clip will always return 0.
Attempting to get `time` on an audio source that has a resource that is not a clip will always return 0.
Attempting to get `time` on an audio source that has a resource that is not a clip will always return 0.
Attempting to get `time` on an audio source that has a resource that is not a clip will always return 0.
Attempting to get `time` on an audio source that has a resource that is not a clip will always return 0.
Attempting to get `time` on an audio source that has a resource that is not a clip will always return 0.
Attempting to get `time` on an audio source that has a resource that is not a clip will always return 0.
Attempting to get `time` on an audio source that has a resource that is not a clip will always return 0.
Attempting to get `time` on an audio source that has a resource that is not a clip will always return 0.
Attempting to get `time` on an audio source that has a resource that is not a clip will always return 0.
Attempting to get `time` on an audio source that has a resource that is not a clip will always return 0.
Attempting to get `time` on an audio source that has a resource that is not a clip will always return 0.
Attempting to get `time` on an audio source that has a resource that is not a clip will always return 0.
Attempting to get `time` on an audio source that has a resource that is not a clip will always return 0.
Attempting to get `time` on an audio source that has a resource that is not a clip will always return 0.
Attempting to get `time` on an audio source that has a resource that is not a clip will always return 0.
Attempting to get `time` on an audio source that has a resource that is not a clip will always return 0.
Attempting to get `time` on an audio source that has a resource that is not a clip will always return 0.
Attempting to get `time` on an audio source that has a resource that is not a clip will always return 0.
Attempting to get `time` on an audio source that has a resource that is not a clip will always return 0.
Attempting to get `time` on an audio source that has a resource that is not a clip will always return 0.
Attempting to get `time` on an audio source that has a resource that is not a clip will always return 0.
Attempting to get `time` on an audio source that has a resource that is not a clip will always return 0.
Attempting to get `time` on an audio source that has a resource that is not a clip will always return 0.
Attempting to get `time` on an audio source that has a resource that is not a clip will always return 0.
Attempting to get `time` on an audio source that has a resource that is not a clip will always return 0.
Attempting to get `time` on an audio source that has a resource that is not a clip will always return 0.
Attempting to get `time` on an audio source that has a resource that is not a clip will always return 0.
Attempting to get `time` on an audio source that has a resource that is not a clip will always return 0.
Attempting to get `time` on an audio source that has a resource that is not a clip will always return 0.
Attempting to get `time` on an audio source that has a resource that is not a clip will always return 0.
Attempting to get `time` on an audio source that has a resource that is not a clip will always return 0.
Attempting to get `time` on an audio source that has a resource that is not a clip will always return 0.
Attempting to get `time` on an audio source that has a resource that is not a clip will always return 0.
Attempting to get `time` on an audio source that has a resource that is not a clip will always return 0.
Attempting to get `time` on an audio source that has a resource that is not a clip will always return 0.
Attempting to get `time` on an audio source that has a resource that is not a clip will always return 0.
Attempting to get `time` on an audio source that has a resource that is not a clip will always return 0.
Attempting to get `time` on an audio source that has a resource that is not a clip will always return 0.
Attempting to get `time` on an audio source that has a resource that is not a clip will always return 0.
Attempting to get `time` on an audio source that has a resource that is not a clip will always return 0.
Attempting to get `time` on an audio source that has a resource that is not a clip will always return 0.
Attempting to get `time` on an audio source that has a resource that is not a clip will always return 0.
Attempting to get `time` on an audio source that has a resource that is not a clip will always return 0.
Attempting to get `time` on an audio source that has a resource that is not a clip will always return 0.
Attempting to get `time` on an audio source that has a resource that is not a clip will always return 0.
Attempting to get `time` on an audio source that has a resource that is not a clip will always return 0.
Attempting to get `time` on an audio source that has a resource that is not a clip will always return 0.
Attempting to get `time` on an audio source that has a resource that is not a clip will always return 0.
Attempting to get `time` on an audio source that has a resource that is not a clip will always return 0.
Attempting to get `time` on an audio source that has a resource that is not a clip will always return 0.
Attempting to get `time` on an audio source that has a resource that is not a clip will always return 0.
Attempting to get `time` on an audio source that has a resource that is not a clip will always return 0.
Attempting to get `time` on an audio source that has a resource that is not a clip will always return 0.
Attempting to get `time` on an audio source that has a resource that is not a clip will always return 0.
Attempting to get `time` on an audio source that has a resource that is not a clip will always return 0.
Attempting to get `time` on an audio source that has a resource that is not a clip will always return 0.
Attempting to get `time` on an audio source that has a resource that is not a clip will always return 0.
Attempting to get `time` on an audio source that has a resource that is not a clip will always return 0.
Attempting to get `time` on an audio source that has a resource that is not a clip will always return 0.
Attempting to get `time` on an audio source that has a resource that is not a clip will always return 0.
Attempting to get `time` on an audio source that has a resource that is not a clip will always return 0.
Attempting to get `time` on an audio source that has a resource that is not a clip will always return 0.
Attempting to get `time` on an audio source that has a resource that is not a clip will always return 0.
Attempting to get `time` on an audio source that has a resource that is not a clip will always return 0.
Attempting to get `time` on an audio source that has a resource that is not a clip will always return 0.
Attempting to get `time` on an audio source that has a resource that is not a clip will always return 0.
Attempting to get `time` on an audio source that has a resource that is not a clip will always return 0.
Attempting to get `time` on an audio source that has a resource that is not a clip will always return 0.
Attempting to get `time` on an audio source that has a resource that is not a clip will always return 0.
Attempting to get `time` on an audio source that has a resource that is not a clip will always return 0.
Attempting to get `time` on an audio source that has a resource that is not a clip will always return 0.
Attempting to get `time` on an audio source that has a resource that is not a clip will always return 0.
Attempting to get `time` on an audio source that has a resource that is not a clip will always return 0.
Attempting to get `time` on an audio source that has a resource that is not a clip will always return 0.
Attempting to get `time` on an audio source that has a resource that is not a clip will always return 0.
Attempting to get `time` on an audio source that has a resource that is not a clip will always return 0.
Attempting to get `time` on an audio source that has a resource that is not a clip will always return 0.
Attempting to get `time` on an audio source that has a resource that is not a clip will always return 0.
Attempting to get `time` on an audio source that has a resource that is not a clip will always return 0.
Attempting to get `time` on an audio source that has a resource that is not a clip will always return 0.
Attempting to get `time` on an audio source that has a resource that is not a clip will always return 0.
Attempting to get `time` on an audio source that has a resource that is not a clip will always return 0.
Attempting to get `time` on an audio source that has a resource that is not a clip will always return 0.
Attempting to get `time` on an audio source that has a resource that is not a clip will always return 0.
Attempting to get `time` on an audio source that has a resource that is not a clip will always return 0.
Attempting to get `time` on an audio source that has a resource that is not a clip will always return 0.
Attempting to get `time` on an audio source that has a resource that is not a clip will always return 0.
Attempting to get `time` on an audio source that has a resource that is not a clip will always return 0.
Attempting to get `time` on an audio source that has a resource that is not a clip will always return 0.
Attempting to get `time` on an audio source that has a resource that is not a clip will always return 0.
Attempting to get `time` on an audio source that has a resource that is not a clip will always return 0.
Attempting to get `time` on an audio source that has a resource that is not a clip will always return 0.
Attempting to get `time` on an audio source that has a resource that is not a clip will always return 0.
Attempting to get `time` on an audio source that has a resource that is not a clip will always return 0.
Attempting to get `time` on an audio source that has a resource that is not a clip will always return 0.
Attempting to get `time` on an audio source that has a resource that is not a clip will always return 0.
Attempting to get `time` on an audio source that has a resource that is not a clip will always return 0.
Attempting to get `time` on an audio source that has a resource that is not a clip will always return 0.
Attempting to get `time` on an audio source that has a resource that is not a clip will always return 0.
Attempting to get `time` on an audio source that has a resource that is not a clip will always return 0.
Attempting to get `time` on an audio source that has a resource that is not a clip will always return 0.
Attempting to get `time` on an audio source that has a resource that is not a clip will always return 0.
Attempting to get `time` on an audio source that has a resource that is not a clip will always return 0.
Attempting to get `time` on an audio source that has a resource that is not a clip will always return 0.
Attempting to get `time` on an audio source that has a resource that is not a clip will always return 0.
Attempting to get `time` on an audio source that has a resource that is not a clip will always return 0.
Attempting to get `time` on an audio source that has a resource that is not a clip will always return 0.
Attempting to get `time` on an audio source that has a resource that is not a clip will always return 0.
Attempting to get `time` on an audio source that has a resource that is not a clip will always return 0.
Attempting to get `time` on an audio source that has a resource that is not a clip will always return 0.
Attempting to get `time` on an audio source that has a resource that is not a clip will always return 0.
Attempting to get `time` on an audio source that has a resource that is not a clip will always return 0.
Attempting to get `time` on an audio source that has a resource that is not a clip will always return 0.
Attempting to get `time` on an audio source that has a resource that is not a clip will always return 0.
Attempting to get `time` on an audio source that has a resource that is not a clip will always return 0.
Attempting to get `time` on an audio source that has a resource that is not a clip will always return 0.
Attempting to get `time` on an audio source that has a resource that is not a clip will always return 0.
Attempting to get `time` on an audio source that has a resource that is not a clip will always return 0.
Attempting to get `time` on an audio source that has a resource that is not a clip will always return 0.
Attempting to get `time` on an audio source that has a resource that is not a clip will always return 0.
Attempting to get `time` on an audio source that has a resource that is not a clip will always return 0.
Attempting to get `time` on an audio source that has a resource that is not a clip will always return 0.
Attempting to get `time` on an audio source that has a resource that is not a clip will always return 0.
Attempting to get `time` on an audio source that has a resource that is not a clip will always return 0.
Attempting to get `time` on an audio source that has a resource that is not a clip will always return 0.
Attempting to get `time` on an audio source that has a resource that is not a clip will always return 0.
Attempting to get `time` on an audio source that has a resource that is not a clip will always return 0.
Attempting to get `time` on an audio source that has a resource that is not a clip will always return 0.
Attempting to get `time` on an audio source that has a resource that is not a clip will always return 0.
Attempting to get `time` on an audio source that has a resource that is not a clip will always return 0.
Attempting to get `time` on an audio source that has a resource that is not a clip will always return 0.
Attempting to get `time` on an audio source that has a resource that is not a clip will always return 0.
Attempting to get `time` on an audio source that has a resource that is not a clip will always return 0.
Attempting to get `time` on an audio source that has a resource that is not a clip will always return 0.
Attempting to get `time` on an audio source that has a resource that is not a clip will always return 0.
Attempting to get `time` on an audio source that has a resource that is not a clip will always return 0.
Attempting to get `time` on an audio source that has a resource that is not a clip will always return 0.
Attempting to get `time` on an audio source that has a resource that is not a clip will always return 0.
Attempting to get `time` on an audio source that has a resource that is not a clip will always return 0.
Attempting to get `time` on an audio source that has a resource that is not a clip will always return 0.
Attempting to get `time` on an audio source that has a resource that is not a clip will always return 0.
Attempting to get `time` on an audio source that has a resource that is not a clip will always return 0.
Attempting to get `time` on an audio source that has a resource that is not a clip will always return 0.
Attempting to get `time` on an audio source that has a resource that is not a clip will always return 0.
Attempting to get `time` on an audio source that has a resource that is not a clip will always return 0.
Attempting to get `time` on an audio source that has a resource that is not a clip will always return 0.
Attempting to get `time` on an audio source that has a resource that is not a clip will always return 0.
Attempting to get `time` on an audio source that has a resource that is not a clip will always return 0.
Attempting to get `time` on an audio source that has a resource that is not a clip will always return 0.
Attempting to get `time` on an audio source that has a resource that is not a clip will always return 0.
Attempting to get `time` on an audio source that has a resource that is not a clip will always return 0.
Attempting to get `time` on an audio source that has a resource that is not a clip will always return 0.
Attempting to get `time` on an audio source that has a resource that is not a clip will always return 0.
Attempting to get `time` on an audio source that has a resource that is not a clip will always return 0.
Attempting to get `time` on an audio source that has a resource that is not a clip will always return 0.
Attempting to get `time` on an audio source that has a resource that is not a clip will always return 0.
Attempting to get `time` on an audio source that has a resource that is not a clip will always return 0.
Attempting to get `time` on an audio source that has a resource that is not a clip will always return 0.
Attempting to get `time` on an audio source that has a resource that is not a clip will always return 0.
Attempting to get `time` on an audio source that has a resource that is not a clip will always return 0.
Attempting to get `time` on an audio source that has a resource that is not a clip will always return 0.
Attempting to get `time` on an audio source that has a resource that is not a clip will always return 0.
Attempting to get `time` on an audio source that has a resource that is not a clip will always return 0.
Attempting to get `time` on an audio source that has a resource that is not a clip will always return 0.
Attempting to get `time` on an audio source that has a resource that is not a clip will always return 0.
Attempting to get `time` on an audio source that has a resource that is not a clip will always return 0.
Attempting to get `time` on an audio source that has a resource that is not a clip will always return 0.
Attempting to get `time` on an audio source that has a resource that is not a clip will always return 0.
Attempting to get `time` on an audio source that has a resource that is not a clip will always return 0.
Attempting to get `time` on an audio source that has a resource that is not a clip will always return 0.
Attempting to get `time` on an audio source that has a resource that is not a clip will always return 0.
Attempting to get `time` on an audio source that has a resource that is not a clip will always return 0.
Attempting to get `time` on an audio source that has a resource that is not a clip will always return 0.
Attempting to get `time` on an audio source that has a resource that is not a clip will always return 0.
Attempting to get `time` on an audio source that has a resource that is not a clip will always return 0.
Attempting to get `time` on an audio source that has a resource that is not a clip will always return 0.
Attempting to get `time` on an audio source that has a resource that is not a clip will always return 0.
Attempting to get `time` on an audio source that has a resource that is not a clip will always return 0.
Attempting to get `time` on an audio source that has a resource that is not a clip will always return 0.
Attempting to get `time` on an audio source that has a resource that is not a clip will always return 0.
Attempting to get `time` on an audio source that has a resource that is not a clip will always return 0.
Attempting to get `time` on an audio source that has a resource that is not a clip will always return 0.
Attempting to get `time` on an audio source that has a resource that is not a clip will always return 0.
Attempting to get `time` on an audio source that has a resource that is not a clip will always return 0.
Attempting to get `time` on an audio source that has a resource that is not a clip will always return 0.
Attempting to get `time` on an audio source that has a resource that is not a clip will always return 0.
Attempting to get `time` on an audio source that has a resource that is not a clip will always return 0.
Attempting to get `time` on an audio source that has a resource that is not a clip will always return 0.
Attempting to get `time` on an audio source that has a resource that is not a clip will always return 0.
Attempting to get `time` on an audio source that has a resource that is not a clip will always return 0.
Attempting to get `time` on an audio source that has a resource that is not a clip will always return 0.
Attempting to get `time` on an audio source that has a resource that is not a clip will always return 0.
Attempting to get `time` on an audio source that has a resource that is not a clip will always return 0.
Attempting to get `time` on an audio source that has a resource that is not a clip will always return 0.
Attempting to get `time` on an audio source that has a resource that is not a clip will always return 0.
Attempting to get `time` on an audio source that has a resource that is not a clip will always return 0.
Attempting to get `time` on an audio source that has a resource that is not a clip will always return 0.
Attempting to get `time` on an audio source that has a resource that is not a clip will always return 0.
Attempting to get `time` on an audio source that has a resource that is not a clip will always return 0.
Attempting to get `time` on an audio source that has a resource that is not a clip will always return 0.
Attempting to get `time` on an audio source that has a resource that is not a clip will always return 0.
Attempting to get `time` on an audio source that has a resource that is not a clip will always return 0.
Attempting to get `time` on an audio source that has a resource that is not a clip will always return 0.
Attempting to get `time` on an audio source that has a resource that is not a clip will always return 0.
Attempting to get `time` on an audio source that has a resource that is not a clip will always return 0.
Attempting to get `time` on an audio source that has a resource that is not a clip will always return 0.
Attempting to get `time` on an audio source that has a resource that is not a clip will always return 0.
Attempting to get `time` on an audio source that has a resource that is not a clip will always return 0.
Attempting to get `time` on an audio source that has a resource that is not a clip will always return 0.
Attempting to get `time` on an audio source that has a resource that is not a clip will always return 0.
Attempting to get `time` on an audio source that has a resource that is not a clip will always return 0.
Attempting to get `time` on an audio source that has a resource that is not a clip will always return 0.
Attempting to get `time` on an audio source that has a resource that is not a clip will always return 0.
Attempting to get `time` on an audio source that has a resource that is not a clip will always return 0.
Attempting to get `time` on an audio source that has a resource that is not a clip will always return 0.
Attempting to get `time` on an audio source that has a resource that is not a clip will always return 0.
Attempting to get `time` on an audio source that has a resource that is not a clip will always return 0.
Attempting to get `time` on an audio source that has a resource that is not a clip will always return 0.
Attempting to get `time` on an audio source that has a resource that is not a clip will always return 0.
Attempting to get `time` on an audio source that has a resource that is not a clip will always return 0.
Attempting to get `time` on an audio source that has a resource that is not a clip will always return 0.
Attempting to get `time` on an audio source that has a resource that is not a clip will always return 0.
Attempting to get `time` on an audio source that has a resource that is not a clip will always return 0.
Attempting to get `time` on an audio source that has a resource that is not a clip will always return 0.
Attempting to get `time` on an audio source that has a resource that is not a clip will always return 0.
Attempting to get `time` on an audio source that has a resource that is not a clip will always return 0.
Attempting to get `time` on an audio source that has a resource that is not a clip will always return 0.
Attempting to get `time` on an audio source that has a resource that is not a clip will always return 0.
Attempting to get `time` on an audio source that has a resource that is not a clip will always return 0.
Attempting to get `time` on an audio source that has a resource that is not a clip will always return 0.
Attempting to get `time` on an audio source that has a resource that is not a clip will always return 0.
Attempting to get `time` on an audio source that has a resource that is not a clip will always return 0.
Attempting to get `time` on an audio source that has a resource that is not a clip will always return 0.
Attempting to get `time` on an audio source that has a resource that is not a clip will always return 0.
Attempting to get `time` on an audio source that has a resource that is not a clip will always return 0.
Attempting to get `time` on an audio source that has a resource that is not a clip will always return 0.
Attempting to get `time` on an audio source that has a resource that is not a clip will always return 0.
Attempting to get `time` on an audio source that has a resource that is not a clip will always return 0.
Attempting to get `time` on an audio source that has a resource that is not a clip will always return 0.
Attempting to get `time` on an audio source that has a resource that is not a clip will always return 0.
Attempting to get `time` on an audio source that has a resource that is not a clip will always return 0.
Attempting to get `time` on an audio source that has a resource that is not a clip will always return 0.
Attempting to get `time` on an audio source that has a resource that is not a clip will always return 0.
Attempting to get `time` on an audio source that has a resource that is not a clip will always return 0.
Attempting to get `time` on an audio source that has a resource that is not a clip will always return 0.
Attempting to get `time` on an audio source that has a resource that is not a clip will always return 0.
Attempting to get `time` on an audio source that has a resource that is not a clip will always return 0.
Attempting to get `time` on an audio source that has a resource that is not a clip will always return 0.
Attempting to get `time` on an audio source that has a resource that is not a clip will always return 0.
Attempting to get `time` on an audio source that has a resource that is not a clip will always return 0.
Attempting to get `time` on an audio source that has a resource that is not a clip will always return 0.
Attempting to get `time` on an audio source that has a resource that is not a clip will always return 0.
Attempting to get `time` on an audio source that has a resource that is not a clip will always return 0.
Attempting to get `time` on an audio source that has a resource that is not a clip will always return 0.
Attempting to get `time` on an audio source that has a resource that is not a clip will always return 0.
Attempting to get `time` on an audio source that has a resource that is not a clip will always return 0.
Attempting to get `time` on an audio source that has a resource that is not a clip will always return 0.
Attempting to get `time` on an audio source that has a resource that is not a clip will always return 0.
Attempting to get `time` on an audio source that has a resource that is not a clip will always return 0.
Attempting to get `time` on an audio source that has a resource that is not a clip will always return 0.
Attempting to get `time` on an audio source that has a resource that is not a clip will always return 0.
Attempting to get `time` on an audio source that has a resource that is not a clip will always return 0.
Attempting to get `time` on an audio source that has a resource that is not a clip will always return 0.
Attempting to get `time` on an audio source that has a resource that is not a clip will always return 0.
Attempting to get `time` on an audio source that has a resource that is not a clip will always return 0.
Attempting to get `time` on an audio source that has a resource that is not a clip will always return 0.
Attempting to get `time` on an audio source that has a resource that is not a clip will always return 0.
Attempting to get `time` on an audio source that has a resource that is not a clip will always return 0.
Attempting to get `time` on an audio source that has a resource that is not a clip will always return 0.
Attempting to get `time` on an audio source that has a resource that is not a clip will always return 0.
Attempting to get `time` on an audio source that has a resource that is not a clip will always return 0.
Attempting to get `time` on an audio source that has a resource that is not a clip will always return 0.
Attempting to get `time` on an audio source that has a resource that is not a clip will always return 0.
Attempting to get `time` on an audio source that has a resource that is not a clip will always return 0.
Attempting to get `time` on an audio source that has a resource that is not a clip will always return 0.
Attempting to get `time` on an audio source that has a resource that is not a clip will always return 0.
Attempting to get `time` on an audio source that has a resource that is not a clip will always return 0.
Attempting to get `time` on an audio source that has a resource that is not a clip will always return 0.
Attempting to get `time` on an audio source that has a resource that is not a clip will always return 0.
Attempting to get `time` on an audio source that has a resource that is not a clip will always return 0.
Attempting to get `time` on an audio source that has a resource that is not a clip will always return 0.
Attempting to get `time` on an audio source that has a resource that is not a clip will always return 0.
Attempting to get `time` on an audio source that has a resource that is not a clip will always return 0.
Attempting to get `time` on an audio source that has a resource that is not a clip will always return 0.
Attempting to get `time` on an audio source that has a resource that is not a clip will always return 0.
Attempting to get `time` on an audio source that has a resource that is not a clip will always return 0.
Attempting to get `time` on an audio source that has a resource that is not a clip will always return 0.
Attempting to get `time` on an audio source that has a resource that is not a clip will always return 0.
Attempting to get `time` on an audio source that has a resource that is not a clip will always return 0.
Attempting to get `time` on an audio source that has a resource that is not a clip will always return 0.
Attempting to get `time` on an audio source that has a resource that is not a clip will always return 0.
Attempting to get `time` on an audio source that has a resource that is not a clip will always return 0.
Attempting to get `time` on an audio source that has a resource that is not a clip will always return 0.
Attempting to get `time` on an audio source that has a resource that is not a clip will always return 0.
Attempting to get `time` on an audio source that has a resource that is not a clip will always return 0.
Attempting to get `time` on an audio source that has a resource that is not a clip will always return 0.
Attempting to get `time` on an audio source that has a resource that is not a clip will always return 0.
Attempting to get `time` on an audio source that has a resource that is not a clip will always return 0.
Attempting to get `time` on an audio source that has a resource that is not a clip will always return 0.
Attempting to get `time` on an audio source that has a resource that is not a clip will always return 0.
Attempting to get `time` on an audio source that has a resource that is not a clip will always return 0.
Attempting to get `time` on an audio source that has a resource that is not a clip will always return 0.
Attempting to get `time` on an audio source that has a resource that is not a clip will always return 0.
Attempting to get `time` on an audio source that has a resource that is not a clip will always return 0.
Attempting to get `time` on an audio source that has a resource that is not a clip will always return 0.
Attempting to get `time` on an audio source that has a resource that is not a clip will always return 0.
Attempting to get `time` on an audio source that has a resource that is not a clip will always return 0.
Attempting to get `time` on an audio source that has a resource that is not a clip will always return 0.
Attempting to get `time` on an audio source that has a resource that is not a clip will always return 0.
Attempting to get `time` on an audio source that has a resource that is not a clip will always return 0.
Attempting to get `time` on an audio source that has a resource that is not a clip will always return 0.
Attempting to get `time` on an audio source that has a resource that is not a clip will always return 0.
Attempting to get `time` on an audio source that has a resource that is not a clip will always return 0.
Attempting to get `time` on an audio source that has a resource that is not a clip will always return 0.
Attempting to get `time` on an audio source that has a resource that is not a clip will always return 0.
Attempting to get `time` on an audio source that has a resource that is not a clip will always return 0.
Attempting to get `time` on an audio source that has a resource that is not a clip will always return 0.
Attempting to get `time` on an audio source that has a resource that is not a clip will always return 0.
Attempting to get `time` on an audio source that has a resource that is not a clip will always return 0.
Attempting to get `time` on an audio source that has a resource that is not a clip will always return 0.
Attempting to get `time` on an audio source that has a resource that is not a clip will always return 0.
Attempting to get `time` on an audio source that has a resource that is not a clip will always return 0.
Attempting to get `time` on an audio source that has a resource that is not a clip will always return 0.
Attempting to get `time` on an audio source that has a resource that is not a clip will always return 0.
Attempting to get `time` on an audio source that has a resource that is not a clip will always return 0.
Attempting to get `time` on an audio source that has a resource that is not a clip will always return 0.
Attempting to get `time` on an audio source that has a resource that is not a clip will always return 0.
Attempting to get `time` on an audio source that has a resource that is not a clip will always return 0.
Attempting to get `time` on an audio source that has a resource that is not a clip will always return 0.
Attempting to get `time` on an audio source that has a resource that is not a clip will always return 0.
Attempting to get `time` on an audio source that has a resource that is not a clip will always return 0.
Attempting to get `time` on an audio source that has a resource that is not a clip will always return 0.
Attempting to get `time` on an audio source that has a resource that is not a clip will always return 0.
Attempting to get `time` on an audio source that has a resource that is not a clip will always return 0.
Attempting to get `time` on an audio source that has a resource that is not a clip will always return 0.
Attempting to get `time` on an audio source that has a resource that is not a clip will always return 0.
Attempting to get `time` on an audio source that has a resource that is not a clip will always return 0.
Attempting to get `time` on an audio source that has a resource that is not a clip will always return 0.
Attempting to get `time` on an audio source that has a resource that is not a clip will always return 0.
Attempting to get `time` on an audio source that has a resource that is not a clip will always return 0.
Attempting to get `time` on an audio source that has a resource that is not a clip will always return 0.
Attempting to get `time` on an audio source that has a resource that is not a clip will always return 0.
Attempting to get `time` on an audio source that has a resource that is not a clip will always return 0.
Attempting to get `time` on an audio source that has a resource that is not a clip will always return 0.
Attempting to get `time` on an audio source that has a resource that is not a clip will always return 0.
Attempting to get `time` on an audio source that has a resource that is not a clip will always return 0.
Attempting to get `time` on an audio source that has a resource that is not a clip will always return 0.
Attempting to get `time` on an audio source that has a resource that is not a clip will always return 0.
Attempting to get `time` on an audio source that has a resource that is not a clip will always return 0.
Attempting to get `time` on an audio source that has a resource that is not a clip will always return 0.
Attempting to get `time` on an audio source that has a resource that is not a clip will always return 0.
Attempting to get `time` on an audio source that has a resource that is not a clip will always return 0.
Attempting to get `time` on an audio source that has a resource that is not a clip will always return 0.
Attempting to get `time` on an audio source that has a resource that is not a clip will always return 0.
Attempting to get `time` on an audio source that has a resource that is not a clip will always return 0.
Attempting to get `time` on an audio source that has a resource that is not a clip will always return 0.
Attempting to get `time` on an audio source that has a resource that is not a clip will always return 0.
Attempting to get `time` on an audio source that has a resource that is not a clip will always return 0.
Attempting to get `time` on an audio source that has a resource that is not a clip will always return 0.
Attempting to get `time` on an audio source that has a resource that is not a clip will always return 0.
Attempting to get `time` on an audio source that has a resource that is not a clip will always return 0.
Attempting to get `time` on an audio source that has a resource that is not a clip will always return 0.
Attempting to get `time` on an audio source that has a resource that is not a clip will always return 0.
Attempting to get `time` on an audio source that has a resource that is not a clip will always return 0.
Attempting to get `time` on an audio source that has a resource that is not a clip will always return 0.
Attempting to get `time` on an audio source that has a resource that is not a clip will always return 0.
Attempting to get `time` on an audio source that has a resource that is not a clip will always return 0.
Attempting to get `time` on an audio source that has a resource that is not a clip will always return 0.
Attempting to get `time` on an audio source that has a resource that is not a clip will always return 0.
Attempting to get `time` on an audio source that has a resource that is not a clip will always return 0.
Attempting to get `time` on an audio source that has a resource that is not a clip will always return 0.
Attempting to get `time` on an audio source that has a resource that is not a clip will always return 0.
Attempting to get `time` on an audio source that has a resource that is not a clip will always return 0.
Attempting to get `time` on an audio source that has a resource that is not a clip will always return 0.
Attempting to get `time` on an audio source that has a resource that is not a clip will always return 0.
Attempting to get `time` on an audio source that has a resource that is not a clip will always return 0.
Attempting to get `time` on an audio source that has a resource that is not a clip will always return 0.
Attempting to get `time` on an audio source that has a resource that is not a clip will always return 0.
Attempting to get `time` on an audio source that has a resource that is not a clip will always return 0.
Attempting to get `time` on an audio source that has a resource that is not a clip will always return 0.
Attempting to get `time` on an audio source that has a resource that is not a clip will always return 0.
Attempting to get `time` on an audio source that has a resource that is not a clip will always return 0.
Attempting to get `time` on an audio source that has a resource that is not a clip will always return 0.
Attempting to get `time` on an audio source that has a resource that is not a clip will always return 0.
Attempting to get `time` on an audio source that has a resource that is not a clip will always return 0.
Attempting to get `time` on an audio source that has a resource that is not a clip will always return 0.
Attempting to get `time` on an audio source that has a resource that is not a clip will always return 0.
Attempting to get `time` on an audio source that has a resource that is not a clip will always return 0.
Attempting to get `time` on an audio source that has a resource that is not a clip will always return 0.
Attempting to get `time` on an audio source that has a resource that is not a clip will always return 0.
Attempting to get `time` on an audio source that has a resource that is not a clip will always return 0.
Attempting to get `time` on an audio source that has a resource that is not a clip will always return 0.
Attempting to get `time` on an audio source that has a resource that is not a clip will always return 0.
Attempting to get `time` on an audio source that has a resource that is not a clip will always return 0.
Attempting to get `time` on an audio source that has a resource that is not a clip will always return 0.
Attempting to get `time` on an audio source that has a resource that is not a clip will always return 0.
Attempting to get `time` on an audio source that has a resource that is not a clip will always return 0.
Attempting to get `time` on an audio source that has a resource that is not a clip will always return 0.
Attempting to get `time` on an audio source that has a resource that is not a clip will always return 0.
Attempting to get `time` on an audio source that has a resource that is not a clip will always return 0.
Attempting to get `time` on an audio source that has a resource that is not a clip will always return 0.
Attempting to get `time` on an audio source that has a resource that is not a clip will always return 0.
Attempting to get `time` on an audio source that has a resource that is not a clip will always return 0.
Attempting to get `time` on an audio source that has a resource that is not a clip will always return 0.
Attempting to get `time` on an audio source that has a resource that is not a clip will always return 0.
Attempting to get `time` on an audio source that has a resource that is not a clip will always return 0.
Attempting to get `time` on an audio source that has a resource that is not a clip will always return 0.
Attempting to get `time` on an audio source that has a resource that is not a clip will always return 0.
Attempting to get `time` on an audio source that has a resource that is not a clip will always return 0.
Attempting to get `time` on an audio source that has a resource that is not a clip will always return 0.
Attempting to get `time` on an audio source that has a resource that is not a clip will always return 0.
Attempting to get `time` on an audio source that has a resource that is not a clip will always return 0.
Attempting to get `time` on an audio source that has a resource that is not a clip will always return 0.
Attempting to get `time` on an audio source that has a resource that is not a clip will always return 0.
Attempting to get `time` on an audio source that has a resource that is not a clip will always return 0.
Attempting to get `time` on an audio source that has a resource that is not a clip will always return 0.
Attempting to get `time` on an audio source that has a resource that is not a clip will always return 0.
Attempting to get `time` on an audio source that has a resource that is not a clip will always return 0.
Attempting to get `time` on an audio source that has a resource that is not a clip will always return 0.
Attempting to get `time` on an audio source that has a resource that is not a clip will always return 0.
Attempting to get `time` on an audio source that has a resource that is not a clip will always return 0.
Attempting to get `time` on an audio source that has a resource that is not a clip will always return 0.
Attempting to get `time` on an audio source that has a resource that is not a clip will always return 0.
Attempting to get `time` on an audio source that has a resource that is not a clip will always return 0.
Attempting to get `time` on an audio source that has a resource that is not a clip will always return 0.
Attempting to get `time` on an audio source that has a resource that is not a clip will always return 0.
Attempting to get `time` on an audio source that has a resource that is not a clip will always return 0.
Attempting to get `time` on an audio source that has a resource that is not a clip will always return 0.
Attempting to get `time` on an audio source that has a resource that is not a clip will always return 0.
Attempting to get `time` on an audio source that has a resource that is not a clip will always return 0.
Attempting to get `time` on an audio source that has a resource that is not a clip will always return 0.
Attempting to get `time` on an audio source that has a resource that is not a clip will always return 0.
Attempting to get `time` on an audio source that has a resource that is not a clip will always return 0.
Attempting to get `time` on an audio source that has a resource that is not a clip will always return 0.
Attempting to get `time` on an audio source that has a resource that is not a clip will always return 0.
Attempting to get `time` on an audio source that has a resource that is not a clip will always return 0.
Attempting to get `time` on an audio source that has a resource that is not a clip will always return 0.
Attempting to get `time` on an audio source that has a resource that is not a clip will always return 0.
Attempting to get `time` on an audio source that has a resource that is not a clip will always return 0.
Attempting to get `time` on an audio source that has a resource that is not a clip will always return 0.
Attempting to get `time` on an audio source that has a resource that is not a clip will always return 0.
Attempting to get `time` on an audio source that has a resource that is not a clip will always return 0.
Attempting to get `time` on an audio source that has a resource that is not a clip will always return 0.
Attempting to get `time` on an audio source that has a resource that is not a clip will always return 0.
Attempting to get `time` on an audio source that has a resource that is not a clip will always return 0.
Attempting to get `time` on an audio source that has a resource that is not a clip will always return 0.
Attempting to get `time` on an audio source that has a resource that is not a clip will always return 0.
Attempting to get `time` on an audio source that has a resource that is not a clip will always return 0.
Attempting to get `time` on an audio source that has a resource that is not a clip will always return 0.
Attempting to get `time` on an audio source that has a resource that is not a clip will always return 0.
Attempting to get `time` on an audio source that has a resource that is not a clip will always return 0.
Attempting to get `time` on an audio source that has a resource that is not a clip will always return 0.
Attempting to get `time` on an audio source that has a resource that is not a clip will always return 0.
Attempting to get `time` on an audio source that has a resource that is not a clip will always return 0.
Attempting to get `time` on an audio source that has a resource that is not a clip will always return 0.
Attempting to get `time` on an audio source that has a resource that is not a clip will always return 0.
Attempting to get `time` on an audio source that has a resource that is not a clip will always return 0.
Attempting to get `time` on an audio source that has a resource that is not a clip will always return 0.
Attempting to get `time` on an audio source that has a resource that is not a clip will always return 0.
Attempting to get `time` on an audio source that has a resource that is not a clip will always return 0.
Attempting to get `time` on an audio source that has a resource that is not a clip will always return 0.
Attempting to get `time` on an audio source that has a resource that is not a clip will always return 0.
Attempting to get `time` on an audio source that has a resource that is not a clip will always return 0.
Attempting to get `time` on an audio source that has a resource that is not a clip will always return 0.
Attempting to get `time` on an audio source that has a resource that is not a clip will always return 0.
Attempting to get `time` on an audio source that has a resource that is not a clip will always return 0.
Attempting to get `time` on an audio source that has a resource that is not a clip will always return 0.
Attempting to get `time` on an audio source that has a resource that is not a clip will always return 0.
Attempting to get `time` on an audio source that has a resource that is not a clip will always return 0.
Attempting to get `time` on an audio source that has a resource that is not a clip will always return 0.
Attempting to get `time` on an audio source that has a resource that is not a clip will always return 0.
Attempting to get `time` on an audio source that has a resource that is not a clip will always return 0.
Attempting to get `time` on an audio source that has a resource that is not a clip will always return 0.
Attempting to get `time` on an audio source that has a resource that is not a clip will always return 0.
Attempting to get `time` on an audio source that has a resource that is not a clip will always return 0.
Attempting to get `time` on an audio source that has a resource that is not a clip will always return 0.
Attempting to get `time` on an audio source that has a resource that is not a clip will always return 0.
Attempting to get `time` on an audio source that has a resource that is not a clip will always return 0.
Attempting to get `time` on an audio source that has a resource that is not a clip will always return 0.
Attempting to get `time` on an audio source that has a resource that is not a clip will always return 0.
Attempting to get `time` on an audio source that has a resource that is not a clip will always return 0.
Attempting to get `time` on an audio source that has a resource that is not a clip will always return 0.
Attempting to get `time` on an audio source that has a resource that is not a clip will always return 0.
Attempting to get `time` on an audio source that has a resource that is not a clip will always return 0.
Attempting to get `time` on an audio source that has a resource that is not a clip will always return 0.
Attempting to get `time` on an audio source that has a resource that is not a clip will always return 0.
Attempting to get `time` on an audio source that has a resource that is not a clip will always return 0.
Attempting to get `time` on an audio source that has a resource that is not a clip will always return 0.
Attempting to get `time` on an audio source that has a resource that is not a clip will always return 0.
Attempting to get `time` on an audio source that has a resource that is not a clip will always return 0.
Attempting to get `time` on an audio source that has a resource that is not a clip will always return 0.
Attempting to get `time` on an audio source that has a resource that is not a clip will always return 0.
Attempting to get `time` on an audio source that has a resource that is not a clip will always return 0.
Attempting to get `time` on an audio source that has a resource that is not a clip will always return 0.
Attempting to get `time` on an audio source that has a resource that is not a clip will always return 0.
Attempting to get `time` on an audio source that has a resource that is not a clip will always return 0.
Attempting to get `time` on an audio source that has a resource that is not a clip will always return 0.
Attempting to get `time` on an audio source that has a resource that is not a clip will always return 0.
Attempting to get `time` on an audio source that has a resource that is not a clip will always return 0.
Attempting to get `time` on an audio source that has a resource that is not a clip will always return 0.
Attempting to get `time` on an audio source that has a resource that is not a clip will always return 0.
Attempting to get `time` on an audio source that has a resource that is not a clip will always return 0.
Attempting to get `time` on an audio source that has a resource that is not a clip will always return 0.
Attempting to get `time` on an audio source that has a resource that is not a clip will always return 0.
Attempting to get `time` on an audio source that has a resource that is not a clip will always return 0.
Attempting to get `time` on an audio source that has a resource that is not a clip will always return 0.
Attempting to get `time` on an audio source that has a resource that is not a clip will always return 0.
Attempting to get `time` on an audio source that has a resource that is not a clip will always return 0.
Attempting to get `time` on an audio source that has a resource that is not a clip will always return 0.
Attempting to get `time` on an audio source that has a resource that is not a clip will always return 0.
Attempting to get `time` on an audio source that has a resource that is not a clip will always return 0.
Attempting to get `time` on an audio source that has a resource that is not a clip will always return 0.
Attempting to get `time` on an audio source that has a resource that is not a clip will always return 0.
Attempting to get `time` on an audio source that has a resource that is not a clip will always return 0.
Attempting to get `time` on an audio source that has a resource that is not a clip will always return 0.
Attempting to get `time` on an audio source that has a resource that is not a clip will always return 0.
Attempting to get `time` on an audio source that has a resource that is not a clip will always return 0.
Attempting to get `time` on an audio source that has a resource that is not a clip will always return 0.
Attempting to get `time` on an audio source that has a resource that is not a clip will always return 0.
Attempting to get `time` on an audio source that has a resource that is not a clip will always return 0.
Attempting to get `time` on an audio source that has a resource that is not a clip will always return 0.
Attempting to get `time` on an audio source that has a resource that is not a clip will always return 0.
Attempting to get `time` on an audio source that has a resource that is not a clip will always return 0.
Attempting to get `time` on an audio source that has a resource that is not a clip will always return 0.
Attempting to get `time` on an audio source that has a resource that is not a clip will always return 0.
Attempting to get `time` on an audio source that has a resource that is not a clip will always return 0.
Attempting to get `time` on an audio source that has a resource that is not a clip will always return 0.
Attempting to get `time` on an audio source that has a resource that is not a clip will always return 0.
Attempting to get `time` on an audio source that has a resource that is not a clip will always return 0.
Attempting to get `time` on an audio source that has a resource that is not a clip will always return 0.
Attempting to get `time` on an audio source that has a resource that is not a clip will always return 0.
Attempting to get `time` on an audio source that has a resource that is not a clip will always return 0.
Attempting to get `time` on an audio source that has a resource that is not a clip will always return 0.
Attempting to get `time` on an audio source that has a resource that is not a clip will always return 0.
Attempting to get `time` on an audio source that has a resource that is not a clip will always return 0.
Attempting to get `time` on an audio source that has a resource that is not a clip will always return 0.
Attempting to get `time` on an audio source that has a resource that is not a clip will always return 0.
Attempting to get `time` on an audio source that has a resource that is not a clip will always return 0.
Attempting to get `time` on an audio source that has a resource that is not a clip will always return 0.
Attempting to get `time` on an audio source that has a resource that is not a clip will always return 0.
Attempting to get `time` on an audio source that has a resource that is not a clip will always return 0.
Attempting to get `time` on an audio source that has a resource that is not a clip will always return 0.
Attempting to get `time` on an audio source that has a resource that is not a clip will always return 0.
Attempting to get `time` on an audio source that has a resource that is not a clip will always return 0.
Attempting to get `time` on an audio source that has a resource that is not a clip will always return 0.
Attempting to get `time` on an audio source that has a resource that is not a clip will always return 0.
Attempting to get `time` on an audio source that has a resource that is not a clip will always return 0.
Attempting to get `time` on an audio source that has a resource that is not a clip will always return 0.
Attempting to get `time` on an audio source that has a resource that is not a clip will always return 0.
Attempting to get `time` on an audio source that has a resource that is not a clip will always return 0.
Attempting to get `time` on an audio source that has a resource that is not a clip will always return 0.
Attempting to get `time` on an audio source that has a resource that is not a clip will always return 0.
Attempting to get `time` on an audio source that has a resource that is not a clip will always return 0.
Attempting to get `time` on an audio source that has a resource that is not a clip will always return 0.
Attempting to get `time` on an audio source that has a resource that is not a clip will always return 0.
Attempting to get `time` on an audio source that has a resource that is not a clip will always return 0.
Attempting to get `time` on an audio source that has a resource that is not a clip will always return 0.
Attempting to get `time` on an audio source that has a resource that is not a clip will always return 0.
Attempting to get `time` on an audio source that has a resource that is not a clip will always return 0.
Attempting to get `time` on an audio source that has a resource that is not a clip will always return 0.
Attempting to get `time` on an audio source that has a resource that is not a clip will always return 0.
Attempting to get `time` on an audio source that has a resource that is not a clip will always return 0.
Attempting to get `time` on an audio source that has a resource that is not a clip will always return 0.
Attempting to get `time` on an audio source that has a resource that is not a clip will always return 0.
Attempting to get `time` on an audio source that has a resource that is not a clip will always return 0.
Attempting to get `time` on an audio source that has a resource that is not a clip will always return 0.
Attempting to get `time` on an audio source that has a resource that is not a clip will always return 0.
Attempting to get `time` on an audio source that has a resource that is not a clip will always return 0.
Attempting to get `time` on an audio source that has a resource that is not a clip will always return 0.
Attempting to get `time` on an audio source that has a resource that is not a clip will always return 0.
Attempting to get `time` on an audio source that has a resource that is not a clip will always return 0.
Attempting to get `time` on an audio source that has a resource that is not a clip will always return 0.
Attempting to get `time` on an audio source that has a resource that is not a clip will always return 0.
Attempting to get `time` on an audio source that has a resource that is not a clip will always return 0.
Attempting to get `time` on an audio source that has a resource that is not a clip will always return 0.
Attempting to get `time` on an audio source that has a resource that is not a clip will always return 0.
Attempting to get `time` on an audio source that has a resource that is not a clip will always return 0.
Attempting to get `time` on an audio source that has a resource that is not a clip will always return 0.
Attempting to get `time` on an audio source that has a resource that is not a clip will always return 0.
Attempting to get `time` on an audio source that has a resource that is not a clip will always return 0.
Attempting to get `time` on an audio source that has a resource that is not a clip will always return 0.
Attempting to get `time` on an audio source that has a resource that is not a clip will always return 0.
Attempting to get `time` on an audio source that has a resource that is not a clip will always return 0.
Attempting to get `time` on an audio source that has a resource that is not a clip will always return 0.
Attempting to get `time` on an audio source that has a resource that is not a clip will always return 0.
Attempting to get `time` on an audio source that has a resource that is not a clip will always return 0.
Attempting to get `time` on an audio source that has a resource that is not a clip will always return 0.
Attempting to get `time` on an audio source that has a resource that is not a clip will always return 0.
Attempting to get `time` on an audio source that has a resource that is not a clip will always return 0.
Attempting to get `time` on an audio source that has a resource that is not a clip will always return 0.
Attempting to get `time` on an audio source that has a resource that is not a clip will always return 0.
Attempting to get `time` on an audio source that has a resource that is not a clip will always return 0.
Attempting to get `time` on an audio source that has a resource that is not a clip will always return 0.
Attempting to get `time` on an audio source that has a resource that is not a clip will always return 0.
Attempting to get `time` on an audio source that has a resource that is not a clip will always return 0.
Attempting to get `time` on an audio source that has a resource that is not a clip will always return 0.
Attempting to get `time` on an audio source that has a resource that is not a clip will always return 0.
Attempting to get `time` on an audio source that has a resource that is not a clip will always return 0.
Attempting to get `time` on an audio source that has a resource that is not a clip will always return 0.
Attempting to get `time` on an audio source that has a resource that is not a clip will always return 0.
Attempting to get `time` on an audio source that has a resource that is not a clip will always return 0.
Attempting to get `time` on an audio source that has a resource that is not a clip will always return 0.
Attempting to get `time` on an audio source that has a resource that is not a clip will always return 0.
Attempting to get `time` on an audio source that has a resource that is not a clip will always return 0.
Attempting to get `time` on an audio source that has a resource that is not a clip will always return 0.
Attempting to get `time` on an audio source that has a resource that is not a clip will always return 0.
Attempting to get `time` on an audio source that has a resource that is not a clip will always return 0.
Attempting to get `time` on an audio source that has a resource that is not a clip will always return 0.
Attempting to get `time` on an audio source that has a resource that is not a clip will always return 0.
Attempting to get `time` on an audio source that has a resource that is not a clip will always return 0.
Attempting to get `time` on an audio source that has a resource that is not a clip will always return 0.
Attempting to get `time` on an audio source that has a resource that is not a clip will always return 0.
Attempting to get `time` on an audio source that has a resource that is not a clip will always return 0.
Attempting to get `time` on an audio source that has a resource that is not a clip will always return 0.
Attempting to get `time` on an audio source that has a resource that is not a clip will always return 0.
Attempting to get `time` on an audio source that has a resource that is not a clip will always return 0.
Attempting to get `time` on an audio source that has a resource that is not a clip will always return 0.
Attempting to get `time` on an audio source that has a resource that is not a clip will always return 0.
Attempting to get `time` on an audio source that has a resource that is not a clip will always return 0.
Attempting to get `time` on an audio source that has a resource that is not a clip will always return 0.
Attempting to get `time` on an audio source that has a resource that is not a clip will always return 0.
Attempting to get `time` on an audio source that has a resource that is not a clip will always return 0.
Attempting to get `time` on an audio source that has a resource that is not a clip will always return 0.
Attempting to get `time` on an audio source that has a resource that is not a clip will always return 0.
Attempting to get `time` on an audio source that has a resource that is not a clip will always return 0.
Attempting to get `time` on an audio source that has a resource that is not a clip will always return 0.
Attempting to get `time` on an audio source that has a resource that is not a clip will always return 0.
Attempting to get `time` on an audio source that has a resource that is not a clip will always return 0.
Attempting to get `time` on an audio source that has a resource that is not a clip will always return 0.
Attempting to get `time` on an audio source that has a resource that is not a clip will always return 0.
Attempting to get `time` on an audio source that has a resource that is not a clip will always return 0.
Attempting to get `time` on an audio source that has a resource that is not a clip will always return 0.
Attempting to get `time` on an audio source that has a resource that is not a clip will always return 0.
Attempting to get `time` on an audio source that has a resource that is not a clip will always return 0.
Attempting to get `time` on an audio source that has a resource that is not a clip will always return 0.
Attempting to get `time` on an audio source that has a resource that is not a clip will always return 0.
Attempting to get `time` on an audio source that has a resource that is not a clip will always return 0.
Attempting to get `time` on an audio source that has a resource that is not a clip will always return 0.
Attempting to get `time` on an audio source that has a resource that is not a clip will always return 0.
Attempting to get `time` on an audio source that has a resource that is not a clip will always return 0.
Attempting to get `time` on an audio source that has a resource that is not a clip will always return 0.
Attempting to get `time` on an audio source that has a resource that is not a clip will always return 0.
Attempting to get `time` on an audio source that has a resource that is not a clip will always return 0.
Attempting to get `time` on an audio source that has a resource that is not a clip will always return 0.
Attempting to get `time` on an audio source that has a resource that is not a clip will always return 0.
Attempting to get `time` on an audio source that has a resource that is not a clip will always return 0.
Attempting to get `time` on an audio source that has a resource that is not a clip will always return 0.
Attempting to get `time` on an audio source that has a resource that is not a clip will always return 0.
Attempting to get `time` on an audio source that has a resource that is not a clip will always return 0.
Attempting to get `time` on an audio source that has a resource that is not a clip will always return 0.
Attempting to get `time` on an audio source that has a resource that is not a clip will always return 0.
Attempting to get `time` on an audio source that has a resource that is not a clip will always return 0.
Attempting to get `time` on an audio source that has a resource that is not a clip will always return 0.
Attempting to get `time` on an audio source that has a resource that is not a clip will always return 0.
Attempting to get `time` on an audio source that has a resource that is not a clip will always return 0.
Attempting to get `time` on an audio source that has a resource that is not a clip will always return 0.
Attempting to get `time` on an audio source that has a resource that is not a clip will always return 0.
Attempting to get `time` on an audio source that has a resource that is not a clip will always return 0.
Attempting to get `time` on an audio source that has a resource that is not a clip will always return 0.
Attempting to get `time` on an audio source that has a resource that is not a clip will always return 0.
Attempting to get `time` on an audio source that has a resource that is not a clip will always return 0.
Attempting to get `time` on an audio source that has a resource that is not a clip will always return 0.
Attempting to get `time` on an audio source that has a resource that is not a clip will always return 0.
Attempting to get `time` on an audio source that has a resource that is not a clip will always return 0.
Attempting to get `time` on an audio source that has a resource that is not a clip will always return 0.
Attempting to get `time` on an audio source that has a resource that is not a clip will always return 0.
Attempting to get `time` on an audio source that has a resource that is not a clip will always return 0.
Attempting to get `time` on an audio source that has a resource that is not a clip will always return 0.
Attempting to get `time` on an audio source that has a resource that is not a clip will always return 0.
Attempting to get `time` on an audio source that has a resource that is not a clip will always return 0.
Attempting to get `time` on an audio source that has a resource that is not a clip will always return 0.
Attempting to get `time` on an audio source that has a resource that is not a clip will always return 0.
Attempting to get `time` on an audio source that has a resource that is not a clip will always return 0.
Attempting to get `time` on an audio source that has a resource that is not a clip will always return 0.
Attempting to get `time` on an audio source that has a resource that is not a clip will always return 0.
Attempting to get `time` on an audio source that has a resource that is not a clip will always return 0.
Attempting to get `time` on an audio source that has a resource that is not a clip will always return 0.
Attempting to get `time` on an audio source that has a resource that is not a clip will always return 0.
Attempting to get `time` on an audio source that has a resource that is not a clip will always return 0.
Attempting to get `time` on an audio source that has a resource that is not a clip will always return 0.
Attempting to get `time` on an audio source that has a resource that is not a clip will always return 0.
Attempting to get `time` on an audio source that has a resource that is not a clip will always return 0.
Attempting to get `time` on an audio source that has a resource that is not a clip will always return 0.
Attempting to get `time` on an audio source that has a resource that is not a clip will always return 0.
Attempting to get `time` on an audio source that has a resource that is not a clip will always return 0.
Attempting to get `time` on an audio source that has a resource that is not a clip will always return 0.
Attempting to get `time` on an audio source that has a resource that is not a clip will always return 0.
Attempting to get `time` on an audio source that has a resource that is not a clip will always return 0.
Attempting to get `time` on an audio source that has a resource that is not a clip will always return 0.
Attempting to get `time` on an audio source that has a resource that is not a clip will always return 0.
Attempting to get `time` on an audio source that has a resource that is not a clip will always return 0.
Attempting to get `time` on an audio source that has a resource that is not a clip will always return 0.
Attempting to get `time` on an audio source that has a resource that is not a clip will always return 0.
Attempting to get `time` on an audio source that has a resource that is not a clip will always return 0.
Attempting to get `time` on an audio source that has a resource that is not a clip will always return 0.
Attempting to get `time` on an audio source that has a resource that is not a clip will always return 0.
Attempting to get `time` on an audio source that has a resource that is not a clip will always return 0.
Attempting to get `time` on an audio source that has a resource that is not a clip will always return 0.
Attempting to get `time` on an audio source that has a resource that is not a clip will always return 0.
Attempting to get `time` on an audio source that has a resource that is not a clip will always return 0.
Attempting to get `time` on an audio source that has a resource that is not a clip will always return 0.
Attempting to get `time` on an audio source that has a resource that is not a clip will always return 0.
Attempting to get `time` on an audio source that has a resource that is not a clip will always return 0.
Attempting to get `time` on an audio source that has a resource that is not a clip will always return 0.
Attempting to get `time` on an audio source that has a resource that is not a clip will always return 0.
Attempting to get `time` on an audio source that has a resource that is not a clip will always return 0.
Attempting to get `time` on an audio source that has a resource that is not a clip will always return 0.
Attempting to get `time` on an audio source that has a resource that is not a clip will always return 0.
Attempting to get `time` on an audio source that has a resource that is not a clip will always return 0.
Attempting to get `time` on an audio source that has a resource that is not a clip will always return 0.
Attempting to get `time` on an audio source that has a resource that is not a clip will always return 0.
Attempting to get `time` on an audio source that has a resource that is not a clip will always return 0.
Attempting to get `time` on an audio source that has a resource that is not a clip will always return 0.
Attempting to get `time` on an audio source that has a resource that is not a clip will always return 0.
Attempting to get `time` on an audio source that has a resource that is not a clip will always return 0.
Attempting to get `time` on an audio source that has a resource that is not a clip will always return 0.
Attempting to get `time` on an audio source that has a resource that is not a clip will always return 0.
Attempting to get `time` on an audio source that has a resource that is not a clip will always return 0.
Attempting to get `time` on an audio source that has a resource that is not a clip will always return 0.
Attempting to get `time` on an audio source that has a resource that is not a clip will always return 0.
Attempting to get `time` on an audio source that has a resource that is not a clip will always return 0.
Attempting to get `time` on an audio source that has a resource that is not a clip will always return 0.
Attempting to get `time` on an audio source that has a resource that is not a clip will always return 0.
Attempting to get `time` on an audio source that has a resource that is not a clip will always return 0.
Attempting to get `time` on an audio source that has a resource that is not a clip will always return 0.
Attempting to get `time` on an audio source that has a resource that is not a clip will always return 0.
Attempting to get `time` on an audio source that has a resource that is not a clip will always return 0.
Attempting to get `time` on an audio source that has a resource that is not a clip will always return 0.
Attempting to get `time` on an audio source that has a resource that is not a clip will always return 0.
Attempting to get `time` on an audio source that has a resource that is not a clip will always return 0.
Attempting to get `time` on an audio source that has a resource that is not a clip will always return 0.
Attempting to get `time` on an audio source that has a resource that is not a clip will always return 0.
Attempting to get `time` on an audio source that has a resource that is not a clip will always return 0.
Attempting to get `time` on an audio source that has a resource that is not a clip will always return 0.
Attempting to get `time` on an audio source that has a resource that is not a clip will always return 0.
Attempting to get `time` on an audio source that has a resource that is not a clip will always return 0.
Attempting to get `time` on an audio source that has a resource that is not a clip will always return 0.
Attempting to get `time` on an audio source that has a resource that is not a clip will always return 0.
Attempting to get `time` on an audio source that has a resource that is not a clip will always return 0.
Attempting to get `time` on an audio source that has a resource that is not a clip will always return 0.
Attempting to get `time` on an audio source that has a resource that is not a clip will always return 0.
Attempting to get `time` on an audio source that has a resource that is not a clip will always return 0.
Attempting to get `time` on an audio source that has a resource that is not a clip will always return 0.
Attempting to get `time` on an audio source that has a resource that is not a clip will always return 0.
Attempting to get `time` on an audio source that has a resource that is not a clip will always return 0.
Attempting to get `time` on an audio source that has a resource that is not a clip will always return 0.
Attempting to get `time` on an audio source that has a resource that is not a clip will always return 0.
Attempting to get `time` on an audio source that has a resource that is not a clip will always return 0.
Attempting to get `time` on an audio source that has a resource that is not a clip will always return 0.
Attempting to get `time` on an audio source that has a resource that is not a clip will always return 0.
Attempting to get `time` on an audio source that has a resource that is not a clip will always return 0.
Attempting to get `time` on an audio source that has a resource that is not a clip will always return 0.
Attempting to get `time` on an audio source that has a resource that is not a clip will always return 0.
Attempting to get `time` on an audio source that has a resource that is not a clip will always return 0.
Attempting to get `time` on an audio source that has a resource that is not a clip will always return 0.
Attempting to get `time` on an audio source that has a resource that is not a clip will always return 0.
Attempting to get `time` on an audio source that has a resource that is not a clip will always return 0.
Attempting to get `time` on an audio source that has a resource that is not a clip will always return 0.
Attempting to get `time` on an audio source that has a resource that is not a clip will always return 0.
Attempting to get `time` on an audio source that has a resource that is not a clip will always return 0.
Attempting to get `time` on an audio source that has a resource that is not a clip will always return 0.
Attempting to get `time` on an audio source that has a resource that is not a clip will always return 0.
Attempting to get `time` on an audio source that has a resource that is not a clip will always return 0.
Attempting to get `time` on an audio source that has a resource that is not a clip will always return 0.
Attempting to get `time` on an audio source that has a resource that is not a clip will always return 0.
Attempting to get `time` on an audio source that has a resource that is not a clip will always return 0.
Attempting to get `time` on an audio source that has a resource that is not a clip will always return 0.
Attempting to get `time` on an audio source that has a resource that is not a clip will always return 0.
Attempting to get `time` on an audio source that has a resource that is not a clip will always return 0.
Attempting to get `time` on an audio source that has a resource that is not a clip will always return 0.
Attempting to get `time` on an audio source that has a resource that is not a clip will always return 0.
Attempting to get `time` on an audio source that has a resource that is not a clip will always return 0.
Attempting to get `time` on an audio source that has a resource that is not a clip will always return 0.
Attempting to get `time` on an audio source that has a resource that is not a clip will always return 0.
Attempting to get `time` on an audio source that has a resource that is not a clip will always return 0.
Attempting to get `time` on an audio source that has a resource that is not a clip will always return 0.
Attempting to get `time` on an audio source that has a resource that is not a clip will always return 0.
Attempting to get `time` on an audio source that has a resource that is not a clip will always return 0.
Attempting to get `time` on an audio source that has a resource that is not a clip will always return 0.
Attempting to get `time` on an audio source that has a resource that is not a clip will always return 0.
Attempting to get `time` on an audio source that has a resource that is not a clip will always return 0.
Attempting to get `time` on an audio source that has a resource that is not a clip will always return 0.
Attempting to get `time` on an audio source that has a resource that is not a clip will always return 0.
Attempting to get `time` on an audio source that has a resource that is not a clip will always return 0.
Attempting to get `time` on an audio source that has a resource that is not a clip will always return 0.
Attempting to get `time` on an audio source that has a resource that is not a clip will always return 0.
Attempting to get `time` on an audio source that has a resource that is not a clip will always return 0.
Attempting to get `time` on an audio source that has a resource that is not a clip will always return 0.
Attempting to get `time` on an audio source that has a resource that is not a clip will always return 0.
Attempting to get `time` on an audio source that has a resource that is not a clip will always return 0.
Attempting to get `time` on an audio source that has a resource that is not a clip will always return 0.
Attempting to get `time` on an audio source that has a resource that is not a clip will always return 0.
Attempting to get `time` on an audio source that has a resource that is not a clip will always return 0.
Attempting to get `time` on an audio source that has a resource that is not a clip will always return 0.
Attempting to get `time` on an audio source that has a resource that is not a clip will always return 0.
Attempting to get `time` on an audio source that has a resource that is not a clip will always return 0.
Attempting to get `time` on an audio source that has a resource that is not a clip will always return 0.
Attempting to get `time` on an audio source that has a resource that is not a clip will always return 0.
Attempting to get `time` on an audio source that has a resource that is not a clip will always return 0.
Attempting to get `time` on an audio source that has a resource that is not a clip will always return 0.
Attempting to get `time` on an audio source that has a resource that is not a clip will always return 0.
Attempting to get `time` on an audio source that has a resource that is not a clip will always return 0.
Attempting to get `time` on an audio source that has a resource that is not a clip will always return 0.
Attempting to get `time` on an audio source that has a resource that is not a clip will always return 0.
Attempting to get `time` on an audio source that has a resource that is not a clip will always return 0.
Attempting to get `time` on an audio source that has a resource that is not a clip will always return 0.
Attempting to get `time` on an audio source that has a resource that is not a clip will always return 0.
Attempting to get `time` on an audio source that has a resource that is not a clip will always return 0.
Attempting to get `time` on an audio source that has a resource that is not a clip will always return 0.
Attempting to get `time` on an audio source that has a resource that is not a clip will always return 0.
Attempting to get `time` on an audio source that has a resource that is not a clip will always return 0.
Attempting to get `time` on an audio source that has a resource that is not a clip will always return 0.
Attempting to get `time` on an audio source that has a resource that is not a clip will always return 0.
Attempting to get `time` on an audio source that has a resource that is not a clip will always return 0.
Attempting to get `time` on an audio source that has a resource that is not a clip will always return 0.
Attempting to get `time` on an audio source that has a resource that is not a clip will always return 0.
Attempting to get `time` on an audio source that has a resource that is not a clip will always return 0.
Attempting to get `time` on an audio source that has a resource that is not a clip will always return 0.
Attempting to get `time` on an audio source that has a resource that is not a clip will always return 0.
Attempting to get `time` on an audio source that has a resource that is not a clip will always return 0.
Attempting to get `time` on an audio source that has a resource that is not a clip will always return 0.
Attempting to get `time` on an audio source that has a resource that is not a clip will always return 0.
Attempting to get `time` on an audio source that has a resource that is not a clip will always return 0.
Attempting to get `time` on an audio source that has a resource that is not a clip will always return 0.
Attempting to get `time` on an audio source that has a resource that is not a clip will always return 0.
Attempting to get `time` on an audio source that has a resource that is not a clip will always return 0.
Attempting to get `time` on an audio source that has a resource that is not a clip will always return 0.
Attempting to get `time` on an audio source that has a resource that is not a clip will always return 0.
Attempting to get `time` on an audio source that has a resource that is not a clip will always return 0.
Attempting to get `time` on an audio source that has a resource that is not a clip will always return 0.
Attempting to get `time` on an audio source that has a resource that is not a clip will always return 0.
Attempting to get `time` on an audio source that has a resource that is not a clip will always return 0.
Attempting to get `time` on an audio source that has a resource that is not a clip will always return 0.
Attempting to get `time` on an audio source that has a resource that is not a clip will always return 0.
Attempting to get `time` on an audio source that has a resource that is not a clip will always return 0.
Attempting to get `time` on an audio source that has a resource that is not a clip will always return 0.
Attempting to get `time` on an audio source that has a resource that is not a clip will always return 0.
Attempting to get `time` on an audio source that has a resource that is not a clip will always return 0.
Attempting to get `time` on an audio source that has a resource that is not a clip will always return 0.
Attempting to get `time` on an audio source that has a resource that is not a clip will always return 0.
Attempting to get `time` on an audio source that has a resource that is not a clip will always return 0.
Attempting to get `time` on an audio source that has a resource that is not a clip will always return 0.
Attempting to get `time` on an audio source that has a resource that is not a clip will always return 0.
Attempting to get `time` on an audio source that has a resource that is not a clip will always return 0.
Attempting to get `time` on an audio source that has a resource that is not a clip will always return 0.
Attempting to get `time` on an audio source that has a resource that is not a clip will always return 0.
Attempting to get `time` on an audio source that has a resource that is not a clip will always return 0.
Attempting to get `time` on an audio source that has a resource that is not a clip will always return 0.
Attempting to get `time` on an audio source that has a resource that is not a clip will always return 0.
Attempting to get `time` on an audio source that has a resource that is not a clip will always return 0.
Attempting to get `time` on an audio source that has a resource that is not a clip will always return 0.
Attempting to get `time` on an audio source that has a resource that is not a clip will always return 0.
Attempting to get `time` on an audio source that has a resource that is not a clip will always return 0.
Attempting to get `time` on an audio source that has a resource that is not a clip will always return 0.
Attempting to get `time` on an audio source that has a resource that is not a clip will always return 0.
Attempting to get `time` on an audio source that has a resource that is not a clip will always return 0.
Attempting to get `time` on an audio source that has a resource that is not a clip will always return 0.
Attempting to get `time` on an audio source that has a resource that is not a clip will always return 0.
Attempting to get `time` on an audio source that has a resource that is not a clip will always return 0.
Attempting to get `time` on an audio source that has a resource that is not a clip will always return 0.
Attempting to get `time` on an audio source that has a resource that is not a clip will always return 0.
Attempting to get `time` on an audio source that has a resource that is not a clip will always return 0.
Attempting to get `time` on an audio source that has a resource that is not a clip will always return 0.
Attempting to get `time` on an audio source that has a resource that is not a clip will always return 0.
Attempting to get `time` on an audio source that has a resource that is not a clip will always return 0.
Attempting to get `time` on an audio source that has a resource that is not a clip will always return 0.
Attempting to get `time` on an audio source that has a resource that is not a clip will always return 0.
Attempting to get `time` on an audio source that has a resource that is not a clip will always return 0.
Attempting to get `time` on an audio source that has a resource that is not a clip will always return 0.
Attempting to get `time` on an audio source that has a resource that is not a clip will always return 0.
Attempting to get `time` on an audio source that has a resource that is not a clip will always return 0.
Attempting to get `time` on an audio source that has a resource that is not a clip will always return 0.
Attempting to get `time` on an audio source that has a resource that is not a clip will always return 0.
Attempting to get `time` on an audio source that has a resource that is not a clip will always return 0.
Attempting to get `time` on an audio source that has a resource that is not a clip will always return 0.
Attempting to get `time` on an audio source that has a resource that is not a clip will always return 0.
Attempting to get `time` on an audio source that has a resource that is not a clip will always return 0.
Attempting to get `time` on an audio source that has a resource that is not a clip will always return 0.
Attempting to get `time` on an audio source that has a resource that is not a clip will always return 0.
Attempting to get `time` on an audio source that has a resource that is not a clip will always return 0.
Attempting to get `time` on an audio source that has a resource that is not a clip will always return 0.
Attempting to get `time` on an audio source that has a resource that is not a clip will always return 0.
Attempting to get `time` on an audio source that has a resource that is not a clip will always return 0.
Attempting to get `time` on an audio source that has a resource that is not a clip will always return 0.
Attempting to get `time` on an audio source that has a resource that is not a clip will always return 0.
Attempting to get `time` on an audio source that has a resource that is not a clip will always return 0.
Attempting to get `time` on an audio source that has a resource that is not a clip will always return 0.
Attempting to get `time` on an audio source that has a resource that is not a clip will always return 0.
Attempting to get `time` on an audio source that has a resource that is not a clip will always return 0.
Attempting to get `time` on an audio source that has a resource that is not a clip will always return 0.
Attempting to get `time` on an audio source that has a resource that is not a clip will always return 0.
Attempting to get `time` on an audio source that has a resource that is not a clip will always return 0.
Attempting to get `time` on an audio source that has a resource that is not a clip will always return 0.
Attempting to get `time` on an audio source that has a resource that is not a clip will always return 0.
Attempting to get `time` on an audio source that has a resource that is not a clip will always return 0.
Attempting to get `time` on an audio source that has a resource that is not a clip will always return 0.
Attempting to get `time` on an audio source that has a resource that is not a clip will always return 0.
Attempting to get `time` on an audio source that has a resource that is not a clip will always return 0.
Attempting to get `time` on an audio source that has a resource that is not a clip will always return 0.
Attempting to get `time` on an audio source that has a resource that is not a clip will always return 0.
Attempting to get `time` on an audio source that has a resource that is not a clip will always return 0.
Attempting to get `time` on an audio source that has a resource that is not a clip will always return 0.
Attempting to get `time` on an audio source that has a resource that is not a clip will always return 0.
Attempting to get `time` on an audio source that has a resource that is not a clip will always return 0.
Attempting to get `time` on an audio source that has a resource that is not a clip will always return 0.
Attempting to get `time` on an audio source that has a resource that is not a clip will always return 0.
Attempting to get `time` on an audio source that has a resource that is not a clip will always return 0.
Attempting to get `time` on an audio source that has a resource that is not a clip will always return 0.
Attempting to get `time` on an audio source that has a resource that is not a clip will always return 0.
Attempting to get `time` on an audio source that has a resource that is not a clip will always return 0.
Attempting to get `time` on an audio source that has a resource that is not a clip will always return 0.
Attempting to get `time` on an audio source that has a resource that is not a clip will always return 0.
Attempting to get `time` on an audio source that has a resource that is not a clip will always return 0.
Attempting to get `time` on an audio source that has a resource that is not a clip will always return 0.
Attempting to get `time` on an audio source that has a resource that is not a clip will always return 0.
Attempting to get `time` on an audio source that has a resource that is not a clip will always return 0.
Attempting to get `time` on an audio source that has a resource that is not a clip will always return 0.
Attempting to get `time` on an audio source that has a resource that is not a clip will always return 0.
Attempting to get `time` on an audio source that has a resource that is not a clip will always return 0.
Attempting to get `time` on an audio source that has a resource that is not a clip will always return 0.
Attempting to get `time` on an audio source that has a resource that is not a clip will always return 0.
Attempting to get `time` on an audio source that has a resource that is not a clip will always return 0.
Attempting to get `time` on an audio source that has a resource that is not a clip will always return 0.
Attempting to get `time` on an audio source that has a resource that is not a clip will always return 0.
Attempting to get `time` on an audio source that has a resource that is not a clip will always return 0.
Attempting to get `time` on an audio source that has a resource that is not a clip will always return 0.
Attempting to get `time` on an audio source that has a resource that is not a clip will always return 0.
Attempting to get `time` on an audio source that has a resource that is not a clip will always return 0.
Attempting to get `time` on an audio source that has a resource that is not a clip will always return 0.
Attempting to get `time` on an audio source that has a resource that is not a clip will always return 0.
Attempting to get `time` on an audio source that has a resource that is not a clip will always return 0.
Attempting to get `time` on an audio source that has a resource that is not a clip will always return 0.
Attempting to get `time` on an audio source that has a resource that is not a clip will always return 0.
Attempting to get `time` on an audio source that has a resource that is not a clip will always return 0.
Attempting to get `time` on an audio source that has a resource that is not a clip will always return 0.
Attempting to get `time` on an audio source that has a resource that is not a clip will always return 0.
Attempting to get `time` on an audio source that has a resource that is not a clip will always return 0.
Attempting to get `time` on an audio source that has a resource that is not a clip will always return 0.
Attempting to get `time` on an audio source that has a resource that is not a clip will always return 0.
Attempting to get `time` on an audio source that has a resource that is not a clip will always return 0.
Attempting to get `time` on an audio source that has a resource that is not a clip will always return 0.
Attempting to get `time` on an audio source that has a resource that is not a clip will always return 0.
Attempting to get `time` on an audio source that has a resource that is not a clip will always return 0.
Attempting to get `time` on an audio source that has a resource that is not a clip will always return 0.
Attempting to get `time` on an audio source that has a resource that is not a clip will always return 0.
Attempting to get `time` on an audio source that has a resource that is not a clip will always return 0.
Attempting to get `time` on an audio source that has a resource that is not a clip will always return 0.
Attempting to get `time` on an audio source that has a resource that is not a clip will always return 0.
Attempting to get `time` on an audio source that has a resource that is not a clip will always return 0.
Attempting to get `time` on an audio source that has a resource that is not a clip will always return 0.
Attempting to get `time` on an audio source that has a resource that is not a clip will always return 0.
Attempting to get `time` on an audio source that has a resource that is not a clip will always return 0.
Attempting to get `time` on an audio source that has a resource that is not a clip will always return 0.
Attempting to get `time` on an audio source that has a resource that is not a clip will always return 0.
Attempting to get `time` on an audio source that has a resource that is not a clip will always return 0.
Attempting to get `time` on an audio source that has a resource that is not a clip will always return 0.
Attempting to get `time` on an audio source that has a resource that is not a clip will always return 0.
Attempting to get `time` on an audio source that has a resource that is not a clip will always return 0.
Attempting to get `time` on an audio source that has a resource that is not a clip will always return 0.
Attempting to get `time` on an audio source that has a resource that is not a clip will always return 0.
Attempting to get `time` on an audio source that has a resource that is not a clip will always return 0.
Attempting to get `time` on an audio source that has a resource that is not a clip will always return 0.
Attempting to get `time` on an audio source that has a resource that is not a clip will always return 0.
Attempting to get `time` on an audio source that has a resource that is not a clip will always return 0.
Attempting to get `time` on an audio source that has a resource that is not a clip will always return 0.
Attempting to get `time` on an audio source that has a resource that is not a clip will always return 0.
Attempting to get `time` on an audio source that has a resource that is not a clip will always return 0.
Attempting to get `time` on an audio source that has a resource that is not a clip will always return 0.
Attempting to get `time` on an audio source that has a resource that is not a clip will always return 0.
Attempting to get `time` on an audio source that has a resource that is not a clip will always return 0.
Attempting to get `time` on an audio source that has a resource that is not a clip will always return 0.
Attempting to get `time` on an audio source that has a resource that is not a clip will always return 0.
Attempting to get `time` on an audio source that has a resource that is not a clip will always return 0.
Attempting to get `time` on an audio source that has a resource that is not a clip will always return 0.
Attempting to get `time` on an audio source that has a resource that is not a clip will always return 0.
Attempting to get `time` on an audio source that has a resource that is not a clip will always return 0.
Attempting to get `time` on an audio source that has a resource that is not a clip will always return 0.
Attempting to get `time` on an audio source that has a resource that is not a clip will always return 0.
Attempting to get `time` on an audio source that has a resource that is not a clip will always return 0.
Attempting to get `time` on an audio source that has a resource that is not a clip will always return 0.
Attempting to get `time` on an audio source that has a resource that is not a clip will always return 0.
Attempting to get `time` on an audio source that has a resource that is not a clip will always return 0.
Attempting to get `time` on an audio source that has a resource that is not a clip will always return 0.
Attempting to get `time` on an audio source that has a resource that is not a clip will always return 0.
Attempting to get `time` on an audio source that has a resource that is not a clip will always return 0.
Attempting to get `time` on an audio source that has a resource that is not a clip will always return 0.
Attempting to get `time` on an audio source that has a resource that is not a clip will always return 0.
Attempting to get `time` on an audio source that has a resource that is not a clip will always return 0.
Attempting to get `time` on an audio source that has a resource that is not a clip will always return 0.
Attempting to get `time` on an audio source that has a resource that is not a clip will always return 0.
Attempting to get `time` on an audio source that has a resource that is not a clip will always return 0.
Attempting to get `time` on an audio source that has a resource that is not a clip will always return 0.
Attempting to get `time` on an audio source that has a resource that is not a clip will always return 0.
Attempting to get `time` on an audio source that has a resource that is not a clip will always return 0.
Attempting to get `time` on an audio source that has a resource that is not a clip will always return 0.
Attempting to get `time` on an audio source that has a resource that is not a clip will always return 0.
Attempting to get `time` on an audio source that has a resource that is not a clip will always return 0.
Attempting to get `time` on an audio source that has a resource that is not a clip will always return 0.
Attempting to get `time` on an audio source that has a resource that is not a clip will always return 0.
Attempting to get `time` on an audio source that has a resource that is not a clip will always return 0.
Attempting to get `time` on an audio source that has a resource that is not a clip will always return 0.
Attempting to get `time` on an audio source that has a resource that is not a clip will always return 0.
Attempting to get `time` on an audio source that has a resource that is not a clip will always return 0.
Attempting to get `time` on an audio source that has a resource that is not a clip will always return 0.
Attempting to get `time` on an audio source that has a resource that is not a clip will always return 0.
Attempting to get `time` on an audio source that has a resource that is not a clip will always return 0.
Attempting to get `time` on an audio source that has a resource that is not a clip will always return 0.
Attempting to get `time` on an audio source that has a resource that is not a clip will always return 0.
Attempting to get `time` on an audio source that has a resource that is not a clip will always return 0.
Attempting to get `time` on an audio source that has a resource that is not a clip will always return 0.
Attempting to get `time` on an audio source that has a resource that is not a clip will always return 0.
Attempting to get `time` on an audio source that has a resource that is not a clip will always return 0.
Attempting to get `time` on an audio source that has a resource that is not a clip will always return 0.
Attempting to get `time` on an audio source that has a resource that is not a clip will always return 0.
Attempting to get `time` on an audio source that has a resource that is not a clip will always return 0.
Attempting to get `time` on an audio source that has a resource that is not a clip will always return 0.
Attempting to get `time` on an audio source that has a resource that is not a clip will always return 0.
Attempting to get `time` on an audio source that has a resource that is not a clip will always return 0.
Attempting to get `time` on an audio source that has a resource that is not a clip will always return 0.
Attempting to get `time` on an audio source that has a resource that is not a clip will always return 0.
Attempting to get `time` on an audio source that has a resource that is not a clip will always return 0.
Attempting to get `time` on an audio source that has a resource that is not a clip will always return 0.
Attempting to get `time` on an audio source that has a resource that is not a clip will always return 0.
Attempting to get `time` on an audio source that has a resource that is not a clip will always return 0.
Attempting to get `time` on an audio source that has a resource that is not a clip will always return 0.
Attempting to get `time` on an audio source that has a resource that is not a clip will always return 0.
Attempting to get `time` on an audio source that has a resource that is not a clip will always return 0.
Attempting to get `time` on an audio source that has a resource that is not a clip will always return 0.
Attempting to get `time` on an audio source that has a resource that is not a clip will always return 0.
Attempting to get `time` on an audio source that has a resource that is not a clip will always return 0.
Attempting to get `time` on an audio source that has a resource that is not a clip will always return 0.
Attempting to get `time` on an audio source that has a resource that is not a clip will always return 0.
Attempting to get `time` on an audio source that has a resource that is not a clip will always return 0.
Attempting to get `time` on an audio source that has a resource that is not a clip will always return 0.
Attempting to get `time` on an audio source that has a resource that is not a clip will always return 0.
Attempting to get `time` on an audio source that has a resource that is not a clip will always return 0.
Attempting to get `time` on an audio source that has a resource that is not a clip will always return 0.
Attempting to get `time` on an audio source that has a resource that is not a clip will always return 0.
Attempting to get `time` on an audio source that has a resource that is not a clip will always return 0.
Attempting to get `time` on an audio source that has a resource that is not a clip will always return 0.
Attempting to get `time` on an audio source that has a resource that is not a clip will always return 0.
Attempting to get `time` on an audio source that has a resource that is not a clip will always return 0.
Attempting to get `time` on an audio source that has a resource that is not a clip will always return 0.
Attempting to get `time` on an audio source that has a resource that is not a clip will always return 0.
Attempting to get `time` on an audio source that has a resource that is not a clip will always return 0.
Attempting to get `time` on an audio source that has a resource that is not a clip will always return 0.
Attempting to get `time` on an audio source that has a resource that is not a clip will always return 0.
Attempting to get `time` on an audio source that has a resource that is not a clip will always return 0.
Attempting to get `time` on an audio source that has a resource that is not a clip will always return 0.
Attempting to get `time` on an audio source that has a resource that is not a clip will always return 0.
Attempting to get `time` on an audio source that has a resource that is not a clip will always return 0.
Attempting to get `time` on an audio source that has a resource that is not a clip will always return 0.
Attempting to get `time` on an audio source that has a resource that is not a clip will always return 0.
Attempting to get `time` on an audio source that has a resource that is not a clip will always return 0.
Attempting to get `time` on an audio source that has a resource that is not a clip will always return 0.
Attempting to get `time` on an audio source that has a resource that is not a clip will always return 0.
Attempting to get `time` on an audio source that has a resource that is not a clip will always return 0.
Attempting to get `time` on an audio source that has a resource that is not a clip will always return 0.
Attempting to get `time` on an audio source that has a resource that is not a clip will always return 0.
Attempting to get `time` on an audio source that has a resource that is not a clip will always return 0.
Attempting to get `time` on an audio source that has a resource that is not a clip will always return 0.
Attempting to get `time` on an audio source that has a resource that is not a clip will always return 0.
Attempting to get `time` on an audio source that has a resource that is not a clip will always return 0.
Attempting to get `time` on an audio source that has a resource that is not a clip will always return 0.
Attempting to get `time` on an audio source that has a resource that is not a clip will always return 0.
Attempting to get `time` on an audio source that has a resource that is not a clip will always return 0.
Attempting to get `time` on an audio source that has a resource that is not a clip will always return 0.
Attempting to get `time` on an audio source that has a resource that is not a clip will always return 0.
Attempting to get `time` on an audio source that has a resource that is not a clip will always return 0.
Attempting to get `time` on an audio source that has a resource that is not a clip will always return 0.
Attempting to get `time` on an audio source that has a resource that is not a clip will always return 0.
Attempting to get `time` on an audio source that has a resource that is not a clip will always return 0.
Attempting to get `time` on an audio source that has a resource that is not a clip will always return 0.
Attempting to get `time` on an audio source that has a resource that is not a clip will always return 0.
Attempting to get `time` on an audio source that has a resource that is not a clip will always return 0.
Attempting to get `time` on an audio source that has a resource that is not a clip will always return 0.
Attempting to get `time` on an audio source that has a resource that is not a clip will always return 0.
Attempting to get `time` on an audio source that has a resource that is not a clip will always return 0.
Attempting to get `time` on an audio source that has a resource that is not a clip will always return 0.
Attempting to get `time` on an audio source that has a resource that is not a clip will always return 0.
Attempting to get `time` on an audio source that has a resource that is not a clip will always return 0.
Attempting to get `time` on an audio source that has a resource that is not a clip will always return 0.
Attempting to get `time` on an audio source that has a resource that is not a clip will always return 0.
Attempting to get `time` on an audio source that has a resource that is not a clip will always return 0.
Attempting to get `time` on an audio source that has a resource that is not a clip will always return 0.
Attempting to get `time` on an audio source that has a resource that is not a clip will always return 0.
Attempting to get `time` on an audio source that has a resource that is not a clip will always return 0.
Attempting to get `time` on an audio source that has a resource that is not a clip will always return 0.
Attempting to get `time` on an audio source that has a resource that is not a clip will always return 0.
Attempting to get `time` on an audio source that has a resource that is not a clip will always return 0.
Attempting to get `time` on an audio source that has a resource that is not a clip will always return 0.
Attempting to get `time` on an audio source that has a resource that is not a clip will always return 0.
Attempting to get `time` on an audio source that has a resource that is not a clip will always return 0.
Attempting to get `time` on an audio source that has a resource that is not a clip will always return 0.
Attempting to get `time` on an audio source that has a resource that is not a clip will always return 0.
Attempting to get `time` on an audio source that has a resource that is not a clip will always return 0.
Attempting to get `time` on an audio source that has a resource that is not a clip will always return 0.
Attempting to get `time` on an audio source that has a resource that is not a clip will always return 0.
Attempting to get `time` on an audio source that has a resource that is not a clip will always return 0.
Attempting to get `time` on an audio source that has a resource that is not a clip will always return 0.
Attempting to get `time` on an audio source that has a resource that is not a clip will always return 0.
Attempting to get `time` on an audio source that has a resource that is not a clip will always return 0.
Attempting to get `time` on an audio source that has a resource that is not a clip will always return 0.
Attempting to get `time` on an audio source that has a resource that is not a clip will always return 0.
Attempting to get `time` on an audio source that has a resource that is not a clip will always return 0.
Attempting to get `time` on an audio source that has a resource that is not a clip will always return 0.
Attempting to get `time` on an audio source that has a resource that is not a clip will always return 0.
Attempting to get `time` on an audio source that has a resource that is not a clip will always return 0.
Attempting to get `time` on an audio source that has a resource that is not a clip will always return 0.
Attempting to get `time` on an audio source that has a resource that is not a clip will always return 0.
Attempting to get `time` on an audio source that has a resource that is not a clip will always return 0.
Attempting to get `time` on an audio source that has a resource that is not a clip will always return 0.
Attempting to get `time` on an audio source that has a resource that is not a clip will always return 0.
Attempting to get `time` on an audio source that has a resource that is not a clip will always return 0.
Attempting to get `time` on an audio source that has a resource that is not a clip will always return 0.
Attempting to get `time` on an audio source that has a resource that is not a clip will always return 0.
Attempting to get `time` on an audio source that has a resource that is not a clip will always return 0.
Attempting to get `time` on an audio source that has a resource that is not a clip will always return 0.
Attempting to get `time` on an audio source that has a resource that is not a clip will always return 0.
Attempting to get `time` on an audio source that has a resource that is not a clip will always return 0.
Attempting to get `time` on an audio source that has a resource that is not a clip will always return 0.
Attempting to get `time` on an audio source that has a resource that is not a clip will always return 0.
Attempting to get `time` on an audio source that has a resource that is not a clip will always return 0.
Attempting to get `time` on an audio source that has a resource that is not a clip will always return 0.
Attempting to get `time` on an audio source that has a resource that is not a clip will always return 0.
Attempting to get `time` on an audio source that has a resource that is not a clip will always return 0.
Attempting to get `time` on an audio source that has a resource that is not a clip will always return 0.
Attempting to get `time` on an audio source that has a resource that is not a clip will always return 0.
Attempting to get `time` on an audio source that has a resource that is not a clip will always return 0.
Attempting to get `time` on an audio source that has a resource that is not a clip will always return 0.
Attempting to get `time` on an audio source that has a resource that is not a clip will always return 0.
Attempting to get `time` on an audio source that has a resource that is not a clip will always return 0.
Attempting to get `time` on an audio source that has a resource that is not a clip will always return 0.
Attempting to get `time` on an audio source that has a resource that is not a clip will always return 0.
Attempting to get `time` on an audio source that has a resource that is not a clip will always return 0.
Attempting to get `time` on an audio source that has a resource that is not a clip will always return 0.
Attempting to get `time` on an audio source that has a resource that is not a clip will always return 0.
Attempting to get `time` on an audio source that has a resource that is not a clip will always return 0.
Attempting to get `time` on an audio source that has a resource that is not a clip will always return 0.
Attempting to get `time` on an audio source that has a resource that is not a clip will always return 0.
Attempting to get `time` on an audio source that has a resource that is not a clip will always return 0.
Attempting to get `time` on an audio source that has a resource that is not a clip will always return 0.
Attempting to get `time` on an audio source that has a resource that is not a clip will always return 0.
Attempting to get `time` on an audio source that has a resource that is not a clip will always return 0.
Attempting to get `time` on an audio source that has a resource that is not a clip will always return 0.
Attempting to get `time` on an audio source that has a resource that is not a clip will always return 0.
Attempting to get `time` on an audio source that has a resource that is not a clip will always return 0.
Attempting to get `time` on an audio source that has a resource that is not a clip will always return 0.
Attempting to get `time` on an audio source that has a resource that is not a clip will always return 0.
Attempting to get `time` on an audio source that has a resource that is not a clip will always return 0.
Attempting to get `time` on an audio source that has a resource that is not a clip will always return 0.
Attempting to get `time` on an audio source that has a resource that is not a clip will always return 0.
Attempting to get `time` on an audio source that has a resource that is not a clip will always return 0.
Attempting to get `time` on an audio source that has a resource that is not a clip will always return 0.
Attempting to get `time` on an audio source that has a resource that is not a clip will always return 0.
Attempting to get `time` on an audio source that has a resource that is not a clip will always return 0.
Attempting to get `time` on an audio source that has a resource that is not a clip will always return 0.
Attempting to get `time` on an audio source that has a resource that is not a clip will always return 0.
Attempting to get `time` on an audio source that has a resource that is not a clip will always return 0.
Attempting to get `time` on an audio source that has a resource that is not a clip will always return 0.
Attempting to get `time` on an audio source that has a resource that is not a clip will always return 0.
Attempting to get `time` on an audio source that has a resource that is not a clip will always return 0.
Attempting to get `time` on an audio source that has a resource that is not a clip will always return 0.
Attempting to get `time` on an audio source that has a resource that is not a clip will always return 0.
Attempting to get `time` on an audio source that has a resource that is not a clip will always return 0.
Attempting to get `time` on an audio source that has a resource that is not a clip will always return 0.
Attempting to get `time` on an audio source that has a resource that is not a clip will always return 0.
Attempting to get `time` on an audio source that has a resource that is not a clip will always return 0.
Attempting to get `time` on an audio source that has a resource that is not a clip will always return 0.
Attempting to get `time` on an audio source that has a resource that is not a clip will always return 0.
Attempting to get `time` on an audio source that has a resource that is not a clip will always return 0.
Attempting to get `time` on an audio source that has a resource that is not a clip will always return 0.
Attempting to get `time` on an audio source that has a resource that is not a clip will always return 0.
Attempting to get `time` on an audio source that has a resource that is not a clip will always return 0.
Attempting to get `time` on an audio source that has a resource that is not a clip will always return 0.
Attempting to get `time` on an audio source that has a resource that is not a clip will always return 0.
Attempting to get `time` on an audio source that has a resource that is not a clip will always return 0.
Attempting to get `time` on an audio source that has a resource that is not a clip will always return 0.
Attempting to get `time` on an audio source that has a resource that is not a clip will always return 0.
Attempting to get `time` on an audio source that has a resource that is not a clip will always return 0.
Attempting to get `time` on an audio source that has a resource that is not a clip will always return 0.
Attempting to get `time` on an audio source that has a resource that is not a clip will always return 0.
Attempting to get `time` on an audio source that has a resource that is not a clip will always return 0.
Attempting to get `time` on an audio source that has a resource that is not a clip will always return 0.
Attempting to get `time` on an audio source that has a resource that is not a clip will always return 0.
Attempting to get `time` on an audio source that has a resource that is not a clip will always return 0.
Attempting to get `time` on an audio source that has a resource that is not a clip will always return 0.
Attempting to get `time` on an audio source that has a resource that is not a clip will always return 0.
Attempting to get `time` on an audio source that has a resource that is not a clip will always return 0.
Attempting to get `time` on an audio source that has a resource that is not a clip will always return 0.
Attempting to get `time` on an audio source that has a resource that is not a clip will always return 0.
Attempting to get `time` on an audio source that has a resource that is not a clip will always return 0.
Attempting to get `time` on an audio source that has a resource that is not a clip will always return 0.
Attempting to get `time` on an audio source that has a resource that is not a clip will always return 0.
Attempting to get `time` on an audio source that has a resource that is not a clip will always return 0.
Attempting to get `time` on an audio source that has a resource that is not a clip will always return 0.
Attempting to get `time` on an audio source that has a resource that is not a clip will always return 0.
Attempting to get `time` on an audio source that has a resource that is not a clip will always return 0.
Attempting to get `time` on an audio source that has a resource that is not a clip will always return 0.
Attempting to get `time` on an audio source that has a resource that is not a clip will always return 0.
Attempting to get `time` on an audio source that has a resource that is not a clip will always return 0.
Attempting to get `time` on an audio source that has a resource that is not a clip will always return 0.
Attempting to get `time` on an audio source that has a resource that is not a clip will always return 0.
Attempting to get `time` on an audio source that has a resource that is not a clip will always return 0.
Attempting to get `time` on an audio source that has a resource that is not a clip will always return 0.
Attempting to get `time` on an audio source that has a resource that is not a clip will always return 0.
Attempting to get `time` on an audio source that has a resource that is not a clip will always return 0.
Attempting to get `time` on an audio source that has a resource that is not a clip will always return 0.
Attempting to get `time` on an audio source that has a resource that is not a clip will always return 0.
Attempting to get `time` on an audio source that has a resource that is not a clip will always return 0.
Attempting to get `time` on an audio source that has a resource that is not a clip will always return 0.
Attempting to get `time` on an audio source that has a resource that is not a clip will always return 0.
Attempting to get `time` on an audio source that has a resource that is not a clip will always return 0.
Attempting to get `time` on an audio source that has a resource that is not a clip will always return 0.
Attempting to get `time` on an audio source that has a resource that is not a clip will always return 0.
Attempting to get `time` on an audio source that has a resource that is not a clip will always return 0.
Attempting to get `time` on an audio source that has a resource that is not a clip will always return 0.
Attempting to get `time` on an audio source that has a resource that is not a clip will always return 0.
Attempting to get `time` on an audio source that has a resource that is not a clip will always return 0.
Attempting to get `time` on an audio source that has a resource that is not a clip will always return 0.
Attempting to get `time` on an audio source that has a resource that is not a clip will always return 0.
Attempting to get `time` on an audio source that has a resource that is not a clip will always return 0.
Attempting to get `time` on an audio source that has a resource that is not a clip will always return 0.
Attempting to get `time` on an audio source that has a resource that is not a clip will always return 0.
Attempting to get `time` on an audio source that has a resource that is not a clip will always return 0.
Attempting to get `time` on an audio source that has a resource that is not a clip will always return 0.
Attempting to get `time` on an audio source that has a resource that is not a clip will always return 0.
Attempting to get `time` on an audio source that has a resource that is not a clip will always return 0.
Attempting to get `time` on an audio source that has a resource that is not a clip will always return 0.
Attempting to get `time` on an audio source that has a resource that is not a clip will always return 0.
Attempting to get `time` on an audio source that has a resource that is not a clip will always return 0.
Attempting to get `time` on an audio source that has a resource that is not a clip will always return 0.
Attempting to get `time` on an audio source that has a resource that is not a clip will always return 0.
Attempting to get `time` on an audio source that has a resource that is not a clip will always return 0.
Attempting to get `time` on an audio source that has a resource that is not a clip will always return 0.
Attempting to get `time` on an audio source that has a resource that is not a clip will always return 0.
Attempting to get `time` on an audio source that has a resource that is not a clip will always return 0.
Attempting to get `time` on an audio source that has a resource that is not a clip will always return 0.
Attempting to get `time` on an audio source that has a resource that is not a clip will always return 0.
Attempting to get `time` on an audio source that has a resource that is not a clip will always return 0.
Attempting to get `time` on an audio source that has a resource that is not a clip will always return 0.
Attempting to get `time` on an audio source that has a resource that is not a clip will always return 0.
Attempting to get `time` on an audio source that has a resource that is not a clip will always return 0.
Attempting to get `time` on an audio source that has a resource that is not a clip will always return 0.
Attempting to get `time` on an audio source that has a resource that is not a clip will always return 0.
Attempting to get `time` on an audio source that has a resource that is not a clip will always return 0.
Attempting to get `time` on an audio source that has a resource that is not a clip will always return 0.
Attempting to get `time` on an audio source that has a resource that is not a clip will always return 0.
Attempting to get `time` on an audio source that has a resource that is not a clip will always return 0.
Attempting to get `time` on an audio source that has a resource that is not a clip will always return 0.
Attempting to get `time` on an audio source that has a resource that is not a clip will always return 0.
Attempting to get `time` on an audio source that has a resource that is not a clip will always return 0.
Attempting to get `time` on an audio source that has a resource that is not a clip will always return 0.
Attempting to get `time` on an audio source that has a resource that is not a clip will always return 0.
Attempting to get `time` on an audio source that has a resource that is not a clip will always return 0.
Attempting to get `time` on an audio source that has a resource that is not a clip will always return 0.
Attempting to get `time` on an audio source that has a resource that is not a clip will always return 0.
Attempting to get `time` on an audio source that has a resource that is not a clip will always return 0.
Attempting to get `time` on an audio source that has a resource that is not a clip will always return 0.
Attempting to get `time` on an audio source that has a resource that is not a clip will always return 0.
Attempting to get `time` on an audio source that has a resource that is not a clip will always return 0.
Attempting to get `time` on an audio source that has a resource that is not a clip will always return 0.
Attempting to get `time` on an audio source that has a resource that is not a clip will always return 0.
Attempting to get `time` on an audio source that has a resource that is not a clip will always return 0.
Attempting to get `time` on an audio source that has a resource that is not a clip will always return 0.
Attempting to get `time` on an audio source that has a resource that is not a clip will always return 0.
Attempting to get `time` on an audio source that has a resource that is not a clip will always return 0.
Attempting to get `time` on an audio source that has a resource that is not a clip will always return 0.
Attempting to get `time` on an audio source that has a resource that is not a clip will always return 0.
Attempting to get `time` on an audio source that has a resource that is not a clip will always return 0.
Attempting to get `time` on an audio source that has a resource that is not a clip will always return 0.
Attempting to get `time` on an audio source that has a resource that is not a clip will always return 0.
Attempting to get `time` on an audio source that has a resource that is not a clip will always return 0.
Attempting to get `time` on an audio source that has a resource that is not a clip will always return 0.
Attempting to get `time` on an audio source that has a resource that is not a clip will always return 0.
Attempting to get `time` on an audio source that has a resource that is not a clip will always return 0.
Attempting to get `time` on an audio source that has a resource that is not a clip will always return 0.
Attempting to get `time` on an audio source that has a resource that is not a clip will always return 0.
Attempting to get `time` on an audio source that has a resource that is not a clip will always return 0.
Attempting to get `time` on an audio source that has a resource that is not a clip will always return 0.
Attempting to get `time` on an audio source that has a resource that is not a clip will always return 0.
Attempting to get `time` on an audio source that has a resource that is not a clip will always return 0.
Attempting to get `time` on an audio source that has a resource that is not a clip will always return 0.
Attempting to get `time` on an audio source that has a resource that is not a clip will always return 0.
Attempting to get `time` on an audio source that has a resource that is not a clip will always return 0.
Attempting to get `time` on an audio source that has a resource that is not a clip will always return 0.
Attempting to get `time` on an audio source that has a resource that is not a clip will always return 0.
Attempting to get `time` on an audio source that has a resource that is not a clip will always return 0.
Attempting to get `time` on an audio source that has a resource that is not a clip will always return 0.
Attempting to get `time` on an audio source that has a resource that is not a clip will always return 0.
Attempting to get `time` on an audio source that has a resource that is not a clip will always return 0.
Attempting to get `time` on an audio source that has a resource that is not a clip will always return 0.
Attempting to get `time` on an audio source that has a resource that is not a clip will always return 0.
Attempting to get `time` on an audio source that has a resource that is not a clip will always return 0.
Attempting to get `time` on an audio source that has a resource that is not a clip will always return 0.
Attempting to get `time` on an audio source that has a resource that is not a clip will always return 0.
Attempting to get `time` on an audio source that has a resource that is not a clip will always return 0.
Attempting to get `time` on an audio source that has a resource that is not a clip will always return 0.
Attempting to get `time` on an audio source that has a resource that is not a clip will always return 0.
Attempting to get `time` on an audio source that has a resource that is not a clip will always return 0.
Attempting to get `time` on an audio source that has a resource that is not a clip will always return 0.
Attempting to get `time` on an audio source that has a resource that is not a clip will always return 0.
Attempting to get `time` on an audio source that has a resource that is not a clip will always return 0.
Attempting to get `time` on an audio source that has a resource that is not a clip will always return 0.
Attempting to get `time` on an audio source that has a resource that is not a clip will always return 0.
Attempting to get `time` on an audio source that has a resource that is not a clip will always return 0.
Attempting to get `time` on an audio source that has a resource that is not a clip will always return 0.
Attempting to get `time` on an audio source that has a resource that is not a clip will always return 0.
Attempting to get `time` on an audio source that has a resource that is not a clip will always return 0.
Attempting to get `time` on an audio source that has a resource that is not a clip will always return 0.
Attempting to get `time` on an audio source that has a resource that is not a clip will always return 0.
Attempting to get `time` on an audio source that has a resource that is not a clip will always return 0.
Attempting to get `time` on an audio source that has a resource that is not a clip will always return 0.
Attempting to get `time` on an audio source that has a resource that is not a clip will always return 0.
Attempting to get `time` on an audio source that has a resource that is not a clip will always return 0.
Attempting to get `time` on an audio source that has a resource that is not a clip will always return 0.
Attempting to get `time` on an audio source that has a resource that is not a clip will always return 0.
Attempting to get `time` on an audio source that has a resource that is not a clip will always return 0.
Attempting to get `time` on an audio source that has a resource that is not a clip will always return 0.
Attempting to get `time` on an audio source that has a resource that is not a clip will always return 0.
Attempting to get `time` on an audio source that has a resource that is not a clip will always return 0.
Attempting to get `time` on an audio source that has a resource that is not a clip will always return 0.
Attempting to get `time` on an audio source that has a resource that is not a clip will always return 0.
Attempting to get `time` on an audio source that has a resource that is not a clip will always return 0.
Attempting to get `time` on an audio source that has a resource that is not a clip will always return 0.
Attempting to get `time` on an audio source that has a resource that is not a clip will always return 0.
Attempting to get `time` on an audio source that has a resource that is not a clip will always return 0.
Attempting to get `time` on an audio source that has a resource that is not a clip will always return 0.
Attempting to get `time` on an audio source that has a resource that is not a clip will always return 0.
Attempting to get `time` on an audio source that has a resource that is not a clip will always return 0.
Attempting to get `time` on an audio source that has a resource that is not a clip will always return 0.
Attempting to get `time` on an audio source that has a resource that is not a clip will always return 0.
Attempting to get `time` on an audio source that has a resource that is not a clip will always return 0.
Attempting to get `time` on an audio source that has a resource that is not a clip will always return 0.
Attempting to get `time` on an audio source that has a resource that is not a clip will always return 0.
Attempting to get `time` on an audio source that has a resource that is not a clip will always return 0.
Attempting to get `time` on an audio source that has a resource that is not a clip will always return 0.
Attempting to get `time` on an audio source that has a resource that is not a clip will always return 0.
Attempting to get `time` on an audio source that has a resource that is not a clip will always return 0.
Attempting to get `time` on an audio source that has a resource that is not a clip will always return 0.
Attempting to get `time` on an audio source that has a resource that is not a clip will always return 0.
Attempting to get `time` on an audio source that has a resource that is not a clip will always return 0.
Attempting to get `time` on an audio source that has a resource that is not a clip will always return 0.
Attempting to get `time` on an audio source that has a resource that is not a clip will always return 0.
Attempting to get `time` on an audio source that has a resource that is not a clip will always return 0.
Attempting to get `time` on an audio source that has a resource that is not a clip will always return 0.
Attempting to get `time` on an audio source that has a resource that is not a clip will always return 0.
Attempting to get `time` on an audio source that has a resource that is not a clip will always return 0.
Attempting to get `time` on an audio source that has a resource that is not a clip will always return 0.
Attempting to get `time` on an audio source that has a resource that is not a clip will always return 0.
Attempting to get `time` on an audio source that has a resource that is not a clip will always return 0.
Attempting to get `time` on an audio source that has a resource that is not a clip will always return 0.
Attempting to get `time` on an audio source that has a resource that is not a clip will always return 0.
Attempting to get `time` on an audio source that has a resource that is not a clip will always return 0.
Attempting to get `time` on an audio source that has a resource that is not a clip will always return 0.
Attempting to get `time` on an audio source that has a resource that is not a clip will always return 0.
Attempting to get `time` on an audio source that has a resource that is not a clip will always return 0.
Attempting to get `time` on an audio source that has a resource that is not a clip will always return 0.
Attempting to get `time` on an audio source that has a resource that is not a clip will always return 0.
Attempting to get `time` on an audio source that has a resource that is not a clip will always return 0.
Attempting to get `time` on an audio source that has a resource that is not a clip will always return 0.
Attempting to get `time` on an audio source that has a resource that is not a clip will always return 0.
Attempting to get `time` on an audio source that has a resource that is not a clip will always return 0.
Attempting to get `time` on an audio source that has a resource that is not a clip will always return 0.
Attempting to get `time` on an audio source that has a resource that is not a clip will always return 0.
Attempting to get `time` on an audio source that has a resource that is not a clip will always return 0.
Attempting to get `time` on an audio source that has a resource that is not a clip will always return 0.
Attempting to get `time` on an audio source that has a resource that is not a clip will always return 0.
Attempting to get `time` on an audio source that has a resource that is not a clip will always return 0.
Attempting to get `time` on an audio source that has a resource that is not a clip will always return 0.
Attempting to get `time` on an audio source that has a resource that is not a clip will always return 0.
Attempting to get `time` on an audio source that has a resource that is not a clip will always return 0.
Attempting to get `time` on an audio source that has a resource that is not a clip will always return 0.
Attempting to get `time` on an audio source that has a resource that is not a clip will always return 0.
Attempting to get `time` on an audio source that has a resource that is not a clip will always return 0.
Attempting to get `time` on an audio source that has a resource that is not a clip will always return 0.
Attempting to get `time` on an audio source that has a resource that is not a clip will always return 0.
Attempting to get `time` on an audio source that has a resource that is not a clip will always return 0.
Attempting to get `time` on an audio source that has a resource that is not a clip will always return 0.
Attempting to get `time` on an audio source that has a resource that is not a clip will always return 0.
Attempting to get `time` on an audio source that has a resource that is not a clip will always return 0.
Attempting to get `time` on an audio source that has a resource that is not a clip will always return 0.
Attempting to get `time` on an audio source that has a resource that is not a clip will always return 0.
Attempting to get `time` on an audio source that has a resource that is not a clip will always return 0.
Attempting to get `time` on an audio source that has a resource that is not a clip will always return 0.
Attempting to get `time` on an audio source that has a resource that is not a clip will always return 0.
Attempting to get `time` on an audio source that has a resource that is not a clip will always return 0.
Attempting to get `time` on an audio source that has a resource that is not a clip will always return 0.
Attempting to get `time` on an audio source that has a resource that is not a clip will always return 0.
Attempting to get `time` on an audio source that has a resource that is not a clip will always return 0.
Attempting to get `time` on an audio source that has a resource that is not a clip will always return 0.
Attempting to get `time` on an audio source that has a resource that is not a clip will always return 0.
Attempting to get `time` on an audio source that has a resource that is not a clip will always return 0.
Attempting to get `time` on an audio source that has a resource that is not a clip will always return 0.
Attempting to get `time` on an audio source that has a resource that is not a clip will always return 0.
Attempting to get `time` on an audio source that has a resource that is not a clip will always return 0.
Attempting to get `time` on an audio source that has a resource that is not a clip will always return 0.
Attempting to get `time` on an audio source that has a resource that is not a clip will always return 0.
Attempting to get `time` on an audio source that has a resource that is not a clip will always return 0.
Attempting to get `time` on an audio source that has a resource that is not a clip will always return 0.
Attempting to get `time` on an audio source that has a resource that is not a clip will always return 0.
Attempting to get `time` on an audio source that has a resource that is not a clip will always return 0.
Attempting to get `time` on an audio source that has a resource that is not a clip will always return 0.
Attempting to get `time` on an audio source that has a resource that is not a clip will always return 0.
Attempting to get `time` on an audio source that has a resource that is not a clip will always return 0.
Attempting to get `time` on an audio source that has a resource that is not a clip will always return 0.
Attempting to get `time` on an audio source that has a resource that is not a clip will always return 0.
Attempting to get `time` on an audio source that has a resource that is not a clip will always return 0.
Attempting to get `time` on an audio source that has a resource that is not a clip will always return 0.
Attempting to get `time` on an audio source that has a resource that is not a clip will always return 0.
Attempting to get `time` on an audio source that has a resource that is not a clip will always return 0.
Attempting to get `time` on an audio source that has a resource that is not a clip will always return 0.
Attempting to get `time` on an audio source that has a resource that is not a clip will always return 0.
Attempting to get `time` on an audio source that has a resource that is not a clip will always return 0.
Attempting to get `time` on an audio source that has a resource that is not a clip will always return 0.
Attempting to get `time` on an audio source that has a resource that is not a clip will always return 0.
Attempting to get `time` on an audio source that has a resource that is not a clip will always return 0.
Attempting to get `time` on an audio source that has a resource that is not a clip will always return 0.
Attempting to get `time` on an audio source that has a resource that is not a clip will always return 0.
Attempting to get `time` on an audio source that has a resource that is not a clip will always return 0.
Attempting to get `time` on an audio source that has a resource that is not a clip will always return 0.
Attempting to get `time` on an audio source that has a resource that is not a clip will always return 0.
Attempting to get `time` on an audio source that has a resource that is not a clip will always return 0.
Attempting to get `time` on an audio source that has a resource that is not a clip will always return 0.
Attempting to get `time` on an audio source that has a resource that is not a clip will always return 0.
Attempting to get `time` on an audio source that has a resource that is not a clip will always return 0.
Attempting to get `time` on an audio source that has a resource that is not a clip will always return 0.
Attempting to get `time` on an audio source that has a resource that is not a clip will always return 0.
Attempting to get `time` on an audio source that has a resource that is not a clip will always return 0.
Attempting to get `time` on an audio source that has a resource that is not a clip will always return 0.
Attempting to get `time` on an audio source that has a resource that is not a clip will always return 0.
Attempting to get `time` on an audio source that has a resource that is not a clip will always return 0.
Attempting to get `time` on an audio source that has a resource that is not a clip will always return 0.
Attempting to get `time` on an audio source that has a resource that is not a clip will always return 0.
Attempting to get `time` on an audio source that has a resource that is not a clip will always return 0.
Attempting to get `time` on an audio source that has a resource that is not a clip will always return 0.
Attempting to get `time` on an audio source that has a resource that is not a clip will always return 0.
Attempting to get `time` on an audio source that has a resource that is not a clip will always return 0.
Attempting to get `time` on an audio source that has a resource that is not a clip will always return 0.
Attempting to get `time` on an audio source that has a resource that is not a clip will always return 0.
Attempting to get `time` on an audio source that has a resource that is not a clip will always return 0.
Attempting to get `time` on an audio source that has a resource that is not a clip will always return 0.
Attempting to get `time` on an audio source that has a resource that is not a clip will always return 0.
Attempting to get `time` on an audio source that has a resource that is not a clip will always return 0.
Attempting to get `time` on an audio source that has a resource that is not a clip will always return 0.
Attempting to get `time` on an audio source that has a resource that is not a clip will always return 0.
Attempting to get `time` on an audio source that has a resource that is not a clip will always return 0.
Attempting to get `time` on an audio source that has a resource that is not a clip will always return 0.
Attempting to get `time` on an audio source that has a resource that is not a clip will always return 0.
Attempting to get `time` on an audio source that has a resource that is not a clip will always return 0.
Attempting to get `time` on an audio source that has a resource that is not a clip will always return 0.
Attempting to get `time` on an audio source that has a resource that is not a clip will always return 0.
Attempting to get `time` on an audio source that has a resource that is not a clip will always return 0.
Attempting to get `time` on an audio source that has a resource that is not a clip will always return 0.
Attempting to get `time` on an audio source that has a resource that is not a clip will always return 0.
Attempting to get `time` on an audio source that has a resource that is not a clip will always return 0.
Attempting to get `time` on an audio source that has a resource that is not a clip will always return 0.
Attempting to get `time` on an audio source that has a resource that is not a clip will always return 0.
Attempting to get `time` on an audio source that has a resource that is not a clip will always return 0.
Attempting to get `time` on an audio source that has a resource that is not a clip will always return 0.
Attempting to get `time` on an audio source that has a resource that is not a clip will always return 0.
Attempting to get `time` on an audio source that has a resource that is not a clip will always return 0.
Attempting to get `time` on an audio source that has a resource that is not a clip will always return 0.
Attempting to get `time` on an audio source that has a resource that is not a clip will always return 0.
Attempting to get `time` on an audio source that has a resource that is not a clip will always return 0.
Attempting to get `time` on an audio source that has a resource that is not a clip will always return 0.
Attempting to get `time` on an audio source that has a resource that is not a clip will always return 0.
Attempting to get `time` on an audio source that has a resource that is not a clip will always return 0.
Attempting to get `time` on an audio source that has a resource that is not a clip will always return 0.
Attempting to get `time` on an audio source that has a resource that is not a clip will always return 0.
Attempting to get `time` on an audio source that has a resource that is not a clip will always return 0.
Attempting to get `time` on an audio source that has a resource that is not a clip will always return 0.
Attempting to get `time` on an audio source that has a resource that is not a clip will always return 0.
Attempting to get `time` on an audio source that has a resource that is not a clip will always return 0.
Attempting to get `time` on an audio source that has a resource that is not a clip will always return 0.
Attempting to get `time` on an audio source that has a resource that is not a clip will always return 0.
Attempting to get `time` on an audio source that has a resource that is not a clip will always return 0.
Attempting to get `time` on an audio source that has a resource that is not a clip will always return 0.
Attempting to get `time` on an audio source that has a resource that is not a clip will always return 0.
Attempting to get `time` on an audio source that has a resource that is not a clip will always return 0.
Attempting to get `time` on an audio source that has a resource that is not a clip will always return 0.
Attempting to get `time` on an audio source that has a resource that is not a clip will always return 0.
Attempting to get `time` on an audio source that has a resource that is not a clip will always return 0.
Attempting to get `time` on an audio source that has a resource that is not a clip will always return 0.
Attempting to get `time` on an audio source that has a resource that is not a clip will always return 0.
Attempting to get `time` on an audio source that has a resource that is not a clip will always return 0.
Attempting to get `time` on an audio source that has a resource that is not a clip will always return 0.
Unloading 1 Unused Serialized files (Serialized files now loaded: 705)
UnloadTime: 7.378000 ms
Unexpected timestamp values detected. This can occur in H.264 videos not encoded with the baseline profile. Timestamps will be skewed to correct the playback for archive:/CAB-965c2a5f50b73f63c5ea1427a8f3d5b1/CAB-965c2a5f50b73f63c5ea1427a8f3d5b1.resource
Unloading 9572 unused Assets to reduce memory usage. Loaded Objects now: 169409.
Total: 158.308300 ms (FindLiveObjects: 14.880700 ms CreateObjectMapping: 6.826700 ms MarkObjects: 85.954900 ms  DeleteObjects: 50.645300 ms)

Unloading 1 Unused Serialized files (Serialized files now loaded: 687)
Unloading 29 unused Assets to reduce memory usage. Loaded Objects now: 184395.
Total: 97.154400 ms (FindLiveObjects: 13.614100 ms CreateObjectMapping: 5.799300 ms MarkObjects: 77.097500 ms  DeleteObjects: 0.643000 ms)

Next area display "Next Area Right (2)" in "Arborium" did not have map scene parent.
Next area display "Next Area Right (2)" in "Arborium" did not have map scene parent.
Next area display "Next Area Right (2)" in "Arborium" did not have map scene parent.
Next area display "Next Area Right (2)" in "Arborium" did not have map scene parent.
Could Not Create Action: : Dialogue: Churchkeeper:  (Maybe the script was removed?)
Next area display "Next Area Right (2)" in "Arborium" did not have map scene parent.
Cannot set the parent of the GameObject 'Start Marker' while activating or deactivating the parent GameObject 'Song Reed Grand'.
Cannot set the parent of the GameObject 'Battle Range' while activating or deactivating the parent GameObject 'Song Reed Grand'.
Can't add component 'AudioLowPassFilter' to Audio Player broken cogs because such a component is already added to the game object!
Next area display "Next Area Right (2)" in "Arborium" did not have map scene parent.
Next area display "Next Area Right (2)" in "Arborium" did not have map scene parent.
Next area display "Next Area Right (2)" in "Arborium" did not have map scene parent.
Next area display "Next Area Right (2)" in "Arborium" did not have map scene parent.
Next area display "Next Area Right (2)" in "Arborium" did not have map scene parent.
Unloading 1 Unused Serialized files (Serialized files now loaded: 698)
UnloadTime: 5.829800 ms
Unloading 11070 unused Assets to reduce memory usage. Loaded Objects now: 169591.
Total: 131.396500 ms (FindLiveObjects: 13.186200 ms CreateObjectMapping: 5.745300 ms MarkObjects: 74.931500 ms  DeleteObjects: 37.532900 ms)

Unloading 0 Unused Serialized files (Serialized files now loaded: 619)
Unloading 6796 unused Assets to reduce memory usage. Loaded Objects now: 54575.
Total: 80.302300 ms (FindLiveObjects: 4.514400 ms CreateObjectMapping: 3.071500 ms MarkObjects: 62.370600 ms  DeleteObjects: 10.345400 ms)

Unloading 1 Unused Serialized files (Serialized files now loaded: 667)
UnloadTime: 0.450900 ms
Loaded saved language code 'ZH'
Restored language code 'ZH'
Unloading 58 unused Assets to reduce memory usage. Loaded Objects now: 100315.
Total: 80.486600 ms (FindLiveObjects: 7.057000 ms CreateObjectMapping: 4.322700 ms MarkObjects: 68.596100 ms  DeleteObjects: 0.510400 ms)

Unloading 1 Unused Serialized files (Serialized files now loaded: 665)
Unloading 0 unused Assets to reduce memory usage. Loaded Objects now: 100316.
Total: 80.638800 ms (FindLiveObjects: 7.136200 ms CreateObjectMapping: 4.341900 ms MarkObjects: 68.938100 ms  DeleteObjects: 0.222000 ms)

MenuButton missing flashEffect!
Making UI menu lean.
Only custom filters can be played. Please add a custom filter or an audioclip to the audiosource (Audio Player Actor Distant V2(Clone)).
Only custom filters can be played. Please add a custom filter or an audioclip to the audiosource (Audio Player Actor Distant V2(Clone)).
Only custom filters can be played. Please add a custom filter or an audioclip to the audiosource (Audio Player Actor Distant V2(Clone)).
Could Not Create Action: : Dialogue: Churchkeeper:  (Maybe the script was removed?)
Unloading 1 Unused Serialized files (Serialized files now loaded: 682)
Unloading 111 unused Assets to reduce memory usage. Loaded Objects now: 146508.
Total: 83.314200 ms (FindLiveObjects: 10.376800 ms CreateObjectMapping: 5.684800 ms MarkObjects: 66.193900 ms  DeleteObjects: 1.058100 ms)

Converting Vertex Colors from Color32 to Color.
Converting Vertex Colors from Color32 to Color.
Converting Vertex Colors from Color32 to Color.
Cannot set the parent of the GameObject 'Start Marker' while activating or deactivating the parent GameObject 'Song Reed Grand'.
Cannot set the parent of the GameObject 'Battle Range' while activating or deactivating the parent GameObject 'Song Reed Grand'.
Can't add component 'AudioLowPassFilter' to Audio Player broken cogs because such a component is already added to the game object!
Next area display "Next Area Right (2)" in "Arborium" did not have map scene parent.
Next area display "Next Area Right (2)" in "Arborium" did not have map scene parent.
Next area display "Next Area Right (2)" in "Arborium" did not have map scene parent.
Next area display "Next Area Right (2)" in "Arborium" did not have map scene parent.
Cannot set the parent of the GameObject 'Start Marker' while activating or deactivating the parent GameObject 'Song Reed Grand'.
Cannot set the parent of the GameObject 'Battle Range' while activating or deactivating the parent GameObject 'Song Reed Grand'.
Can't add component 'AudioLowPassFilter' to Audio Player broken cogs because such a component is already added to the game object!
Next area display "Next Area Right (2)" in "Arborium" did not have map scene parent.
Next area display "Next Area Right (2)" in "Arborium" did not have map scene parent.
Next area display "Next Area Right (2)" in "Arborium" did not have map scene parent.
Next area display "Next Area Right (2)" in "Arborium" did not have map scene parent.
Next area display "Next Area Right (2)" in "Arborium" did not have map scene parent.
Pushing achievement ALL_SILK_SKILLS
Pushing stat ALL_SILK_SKILLS_STAT value: 6/6
Steam achievement ALL_SILK_SKILLS (0/0) upload complete
Next area display "Next Area Right (2)" in "Arborium" did not have map scene parent.
MenuButton missing flashEffect!
Unloading 1 Unused Serialized files (Serialized files now loaded: 674)
Unloading 9049 unused Assets to reduce memory usage. Loaded Objects now: 172149.
Total: 134.165800 ms (FindLiveObjects: 13.576900 ms CreateObjectMapping: 5.964800 ms MarkObjects: 73.930800 ms  DeleteObjects: 40.692600 ms)

Unloading 1 Unused Serialized files (Serialized files now loaded: 674)
UnloadTime: 15.707500 ms
Unloading 1363 unused Assets to reduce memory usage. Loaded Objects now: 169580.
Total: 98.911800 ms (FindLiveObjects: 13.267600 ms CreateObjectMapping: 4.799200 ms MarkObjects: 75.450800 ms  DeleteObjects: 5.393600 ms)

Unloading 0 Unused Serialized files (Serialized files now loaded: 619)
Unloading 6889 unused Assets to reduce memory usage. Loaded Objects now: 54795.
Total: 85.605800 ms (FindLiveObjects: 4.468900 ms CreateObjectMapping: 3.080600 ms MarkObjects: 66.569700 ms  DeleteObjects: 11.486200 ms)

Unloading 1 Unused Serialized files (Serialized files now loaded: 667)
UnloadTime: 0.456400 ms
Loaded saved language code 'ZH'
Restored language code 'ZH'
Unloading 55 unused Assets to reduce memory usage. Loaded Objects now: 100540.
Total: 81.325500 ms (FindLiveObjects: 7.298500 ms CreateObjectMapping: 4.329800 ms MarkObjects: 69.377100 ms  DeleteObjects: 0.319500 ms)

Unloading 1 Unused Serialized files (Serialized files now loaded: 665)
Unloading 3 unused Assets to reduce memory usage. Loaded Objects now: 100521.
Total: 82.020300 ms (FindLiveObjects: 7.172000 ms CreateObjectMapping: 4.026400 ms MarkObjects: 70.354400 ms  DeleteObjects: 0.467000 ms)

Shutting down Steam API.
Couldn't find a Game Manager, make sure one exists in the scene.
Couldn't find a Game Manager, make sure one exists in the scene.
Couldn't find a Game Manager, make sure one exists in the scene.
Couldn't find a Game Manager, make sure one exists in the scene.
Couldn't find a Game Manager, make sure one exists in the scene.
Couldn't find a Game Manager, make sure one exists in the scene.
Couldn't find a Game Manager, make sure one exists in the scene.
Couldn't find a Game Manager, make sure one exists in the scene.
Couldn't find a Game Manager, make sure one exists in the scene.
Couldn't find a Game Manager, make sure one exists in the scene.
[Physics::Module] Cleanup current backned.
[Physics::Module] Id: 0xf2b8ea05
Input System module state changed to: ShutdownInProgress.
Input System polling thread exited.
Input System module state changed to: Shutdown.
